id,nom_verre,gravure_nasale,matched_glass_name,matched_nasal_engraving,tags,match_score,indice_verre,materiaux,fournisseur,source_url
1955,INTEGRAL ou INTEGRAL IP 1.50 + Transitions,https://si.france-optique.com/img/gravures/nasal/web_94-nas-mont-royal-01.tif.jpg,INTEGRAL ou INTEGRAL IP 1.50 + Transitions,https://si.france-optique.com/img/gravures/nasal/web_94-nas-mont-royal-01.tif.jpg,"['vcercle', 'F', 'w']",16.58823529411765,1.5,ORG,Fournisseur : MONT-ROYAL,https://www.france-optique.com/gravures/fournisseur=1838
1956,INTEGRAL ou INTEGRAL IP 1.60 + Transitions,https://si.france-optique.com/img/gravures/nasal/web_94-nas-mont-royal-01.tif.jpg,INTEGRAL ou INTEGRAL IP 1.60 + Transitions,https://si.france-optique.com/img/gravures/nasal/web_94-nas-mont-royal-01.tif.jpg,['triangle'],16.58823529411765,1.6,ORG,Fournisseur : MONT-ROYAL,https://www.france-optique.com/gravures/fournisseur=1838
1957,INTEGRAL ou INTEGRAL IP 1.67 + Transitions,https://si.france-optique.com/img/gravures/nasal/web_94-nas-mont-royal-01.tif.jpg,INTEGRAL ou INTEGRAL IP 1.67 + Transitions,https://si.france-optique.com/img/gravures/nasal/web_94-nas-mont-royal-01.tif.jpg,"['vcercle', 'F', 'w', 'D', '2']",16.58823529411765,1.67,ORG,Fournisseur : MONT-ROYAL,https://www.france-optique.com/gravures/fournisseur=1838
1958,"INTEGRAL 1,74",https://si.france-optique.com/img/gravures/nasal/web_94-nas-mont-royal-01.tif.jpg,"INTEGRAL 1,74",https://si.france-optique.com/img/gravures/nasal/web_94-nas-mont-royal-01.tif.jpg,"['vcercle', 'F', 'w', 'D', '2']",16.58823529411765,1.74,ORG,Fournisseur : MONT-ROYAL,https://www.france-optique.com/gravures/fournisseur=1838
1959,ULTRA HD TEK 1.50 & ULTRA HD TEK IP 1.50 + Transitions,https://si.france-optique.com/img/gravures/nasal/web_95-nas-mont-royal-02.tif.jpg,ULTRA HD TEK 1.50 & ULTRA HD TEK IP 1.50 + Transitions,https://si.france-optique.com/img/gravures/nasal/web_95-nas-mont-royal-02.tif.jpg,"['D', 'I', 'lune', 'P', 'C']",16.58823529411765,1.5,ORG,Fournisseur : MONT-ROYAL,https://www.france-optique.com/gravures/fournisseur=1838
1960,ULTRA HD TEK 1.60 & ULTRA HD TEK IP 1.60 + Transitions,https://si.france-optique.com/img/gravures/nasal/web_95-nas-mont-royal-02.tif.jpg,ULTRA HD TEK 1.60 & ULTRA HD TEK IP 1.60 + Transitions,https://si.france-optique.com/img/gravures/nasal/web_95-nas-mont-royal-02.tif.jpg,"['vcercle', 'I', 'w']",16.58823529411765,1.6,ORG,Fournisseur : MONT-ROYAL,https://www.france-optique.com/gravures/fournisseur=1838
1961,ULTRA HD TEK 1.67  & ULTRA HD TEK IP 1.67 + Transitions,https://si.france-optique.com/img/gravures/nasal/web_95-nas-mont-royal-02.tif.jpg,ULTRA HD TEK 1.67  & ULTRA HD TEK IP 1.67 + Transitions,https://si.france-optique.com/img/gravures/nasal/web_95-nas-mont-royal-02.tif.jpg,"['D', 'I', 'soleil', 'P', 'C']",16.58823529411765,1.67,ORG,Fournisseur : MONT-ROYAL,https://www.france-optique.com/gravures/fournisseur=1838
1962,ULTRA HD TEK 1.74,https://si.france-optique.com/img/gravures/nasal/web_95-nas-mont-royal-02.tif.jpg,ULTRA HD TEK 1.74,https://si.france-optique.com/img/gravures/nasal/web_95-nas-mont-royal-02.tif.jpg,['carré'],16.58823529411765,1.74,ORG,Fournisseur : MONT-ROYAL,https://www.france-optique.com/gravures/fournisseur=1838
1963,ULTRA HD Short TEK 1.50 & ULTRA HD Short TEK  IP 1.50 + Transitions,https://si.france-optique.com/img/gravures/nasal/web_95-nas-mont-royal-02.tif.jpg,ULTRA HD Short TEK 1.50 & ULTRA HD Short TEK  IP 1.50 + Transitions,https://si.france-optique.com/img/gravures/nasal/web_95-nas-mont-royal-02.tif.jpg,['carré'],16.58823529411765,1.5,ORG,Fournisseur : MONT-ROYAL,https://www.france-optique.com/gravures/fournisseur=1838
1964,ULTRA HD Short TEK 1.60 & ULTRA HD Short TEK IP 1.60 + Transitions,https://si.france-optique.com/img/gravures/nasal/web_95-nas-mont-royal-02.tif.jpg,ULTRA HD Short TEK 1.60 & ULTRA HD Short TEK IP 1.60 + Transitions,https://si.france-optique.com/img/gravures/nasal/web_95-nas-mont-royal-02.tif.jpg,['triangle'],16.58823529411765,1.6,ORG,Fournisseur : MONT-ROYAL,https://www.france-optique.com/gravures/fournisseur=1838
1965,ULTRA HD Short TEK 1.67 & ULTRA HD Short TEK IP 1.67 + Transitions,https://si.france-optique.com/img/gravures/nasal/web_95-nas-mont-royal-02.tif.jpg,ULTRA HD Short TEK 1.67 & ULTRA HD Short TEK IP 1.67 + Transitions,https://si.france-optique.com/img/gravures/nasal/web_95-nas-mont-royal-02.tif.jpg,['triangle'],16.58823529411765,1.67,ORG,Fournisseur : MONT-ROYAL,https://www.france-optique.com/gravures/fournisseur=1838
1966,ULTRA HD Short TEK 1.74,https://si.france-optique.com/img/gravures/nasal/web_95-nas-mont-royal-02.tif.jpg,ULTRA HD Short TEK 1.74,https://si.france-optique.com/img/gravures/nasal/web_95-nas-mont-royal-02.tif.jpg,['triangle'],16.58823529411765,1.74,ORG,Fournisseur : MONT-ROYAL,https://www.france-optique.com/gravures/fournisseur=1838
1967,ULTRA HD 1.50 & ULTRA HD IP 1.50 + Transitions,https://si.france-optique.com/img/gravures/nasal/web_96-nas-mont-royal-03.tif.jpg,ULTRA HD 1.50 & ULTRA HD IP 1.50 + Transitions,https://si.france-optique.com/img/gravures/nasal/web_96-nas-mont-royal-03.tif.jpg,['losange'],16.58823529411765,1.5,ORG,Fournisseur : MONT-ROYAL,https://www.france-optique.com/gravures/fournisseur=1838
1968,ULTRA HD 1.60 + ULTRA HD IP 1.60 + Transitions,https://si.france-optique.com/img/gravures/nasal/web_96-nas-mont-royal-03.tif.jpg,ULTRA HD 1.60 + ULTRA HD IP 1.60 + Transitions,https://si.france-optique.com/img/gravures/nasal/web_96-nas-mont-royal-03.tif.jpg,['carré'],16.58823529411765,1.60,ORG,Fournisseur : MONT-ROYAL,https://www.france-optique.com/gravures/fournisseur=1838
1969,ULTRA HD 1.67 + ULTRA HD IP 1.67 + Transitions,https://si.france-optique.com/img/gravures/nasal/web_96-nas-mont-royal-03.tif.jpg,ULTRA HD 1.67 + ULTRA HD IP 1.67 + Transitions,https://si.france-optique.com/img/gravures/nasal/web_96-nas-mont-royal-03.tif.jpg,['isi'],16.58823529411765,1.67,ORG,Fournisseur : MONT-ROYAL,https://www.france-optique.com/gravures/fournisseur=1838
1970,ULTRA HD 1.74,https://si.france-optique.com/img/gravures/nasal/web_96-nas-mont-royal-03.tif.jpg,ULTRA HD 1.74,https://si.france-optique.com/img/gravures/nasal/web_96-nas-mont-royal-03.tif.jpg,['S'],16.58823529411765,1.74,ORG,Fournisseur : MONT-ROYAL,https://www.france-optique.com/gravures/fournisseur=1838
1971,ULTRA HD Short 1.50 & ULTRA HD Short IP 1.50 + Transitions,https://si.france-optique.com/img/gravures/nasal/web_96-nas-mont-royal-03.tif.jpg,ULTRA HD Short 1.50 & ULTRA HD Short IP 1.50 + Transitions,https://si.france-optique.com/img/gravures/nasal/web_96-nas-mont-royal-03.tif.jpg,['triangle'],16.58823529411765,1.5,ORG,Fournisseur : MONT-ROYAL,https://www.france-optique.com/gravures/fournisseur=1838
1972,ULTRA HD Short 1.60 & ULTRA HD Short IP 1.60 + Transitions,https://si.france-optique.com/img/gravures/nasal/web_96-nas-mont-royal-03.tif.jpg,ULTRA HD Short 1.60 & ULTRA HD Short IP 1.60 + Transitions,https://si.france-optique.com/img/gravures/nasal/web_96-nas-mont-royal-03.tif.jpg,['triangle'],16.58823529411765,1.6,ORG,Fournisseur : MONT-ROYAL,https://www.france-optique.com/gravures/fournisseur=1838
1973,ULTRA HD Short 1.67 & ULTRA HD Short IP 1.67 + Transitions,https://si.france-optique.com/img/gravures/nasal/web_96-nas-mont-royal-03.tif.jpg,ULTRA HD Short 1.67 & ULTRA HD Short IP 1.67 + Transitions,https://si.france-optique.com/img/gravures/nasal/web_96-nas-mont-royal-03.tif.jpg,"['l', 'triangle']",16.58823529411765,1.67,ORG,Fournisseur : MONT-ROYAL,https://www.france-optique.com/gravures/fournisseur=1838
1974,ULTRA HD Short 1.74,https://si.france-optique.com/img/gravures/nasal/web_96-nas-mont-royal-03.tif.jpg,ULTRA HD Short 1.74,https://si.france-optique.com/img/gravures/nasal/web_96-nas-mont-royal-03.tif.jpg,"['V', '4', 'l']",16.58823529411765,1.74,ORG,Fournisseur : MONT-ROYAL,https://www.france-optique.com/gravures/fournisseur=1838
1975,NATURAL 1.50 & NATURAL  IP 1.50  + Transitions,https://si.france-optique.com/img/gravures/nasal/web_97-nas-mont-royal-04.tif.jpg,NATURAL 1.50 & NATURAL  IP 1.50  + Transitions,https://si.france-optique.com/img/gravures/nasal/web_97-nas-mont-royal-04.tif.jpg,"['A', 'omega', 'N', 'k']",16.58823529411765,1.5,ORG,Fournisseur : MONT-ROYAL,https://www.france-optique.com/gravures/fournisseur=1838
2126,EPSY 167,https://si.france-optique.com/img/gravures/nasal/web_852-oph-com_2019.tif.jpg,EPSY 167,https://si.france-optique.com/img/gravures/nasal/web_852-oph-com_2019.tif.jpg,['triangle'],16.425531914893618,1.67,ORG,Fournisseur : OPHTALMIC  ...,https://www.france-optique.com/gravures/fournisseur=2395
2127,EPSY 167 Cozylens,https://si.france-optique.com/img/gravures/nasal/web_852-oph-com_2019.tif.jpg,EPSY 167 Cozylens,https://si.france-optique.com/img/gravures/nasal/web_852-oph-com_2019.tif.jpg,"['D', 'I', 'lune', '1', '6']",16.425531914893618,1.67,ORG,Fournisseur : OPHTALMIC  ...,https://www.france-optique.com/gravures/fournisseur=2395
2128,EPSY 167 Sunlite,https://si.france-optique.com/img/gravures/nasal/web_852-oph-com_2019.tif.jpg,EPSY 167 Sunlite,https://si.france-optique.com/img/gravures/nasal/web_852-oph-com_2019.tif.jpg,"['D', 'I', 'soleil', 'P', 'P', 'Z']",16.425531914893618,1.67,ORG,Fournisseur : OPHTALMIC  ...,https://www.france-optique.com/gravures/fournisseur=2395
2129,EPSY 160,https://si.france-optique.com/img/gravures/nasal/web_852-oph-com_2019.tif.jpg,EPSY 160,https://si.france-optique.com/img/gravures/nasal/web_852-oph-com_2019.tif.jpg,['carré'],16.425531914893618,1.60,ORG,Fournisseur : OPHTALMIC  ...,https://www.france-optique.com/gravures/fournisseur=2395
2130,EPSY 160 Cozylens,https://si.france-optique.com/img/gravures/nasal/web_852-oph-com_2019.tif.jpg,EPSY 160 Cozylens,https://si.france-optique.com/img/gravures/nasal/web_852-oph-com_2019.tif.jpg,['losange'],16.425531914893618,1.60,ORG,Fournisseur : OPHTALMIC  ...,https://www.france-optique.com/gravures/fournisseur=2395
2131,EPSY 160 Sunlite,https://si.france-optique.com/img/gravures/nasal/web_852-oph-com_2019.tif.jpg,EPSY 160 Sunlite,https://si.france-optique.com/img/gravures/nasal/web_852-oph-com_2019.tif.jpg,['triangle'],16.425531914893618,1.60,ORG,Fournisseur : OPHTALMIC  ...,https://www.france-optique.com/gravures/fournisseur=2395
2132,EPSY 160 Sun,https://si.france-optique.com/img/gravures/nasal/web_852-oph-com_2019.tif.jpg,EPSY 160 Sun,https://si.france-optique.com/img/gravures/nasal/web_852-oph-com_2019.tif.jpg,['(s)'],16.425531914893618,1.60,ORG,Fournisseur : OPHTALMIC  ...,https://www.france-optique.com/gravures/fournisseur=2395
2133,EPSY 160 PolarPlus,https://si.france-optique.com/img/gravures/nasal/web_852-oph-com_2019.tif.jpg,EPSY 160 PolarPlus,https://si.france-optique.com/img/gravures/nasal/web_852-oph-com_2019.tif.jpg,"['1', 'S']",16.425531914893618,1.60,ORG,Fournisseur : OPHTALMIC  ...,https://www.france-optique.com/gravures/fournisseur=2395
2134,EPSY POLY,https://si.france-optique.com/img/gravures/nasal/web_852-oph-com_2019.tif.jpg,EPSY POLY,https://si.france-optique.com/img/gravures/nasal/web_852-oph-com_2019.tif.jpg,['losange'],16.425531914893618,1.59,POLY,Fournisseur : OPHTALMIC  ...,https://www.france-optique.com/gravures/fournisseur=2395
2135,EPSY 150,https://si.france-optique.com/img/gravures/nasal/web_852-oph-com_2019.tif.jpg,EPSY 150,https://si.france-optique.com/img/gravures/nasal/web_852-oph-com_2019.tif.jpg,['carré'],16.425531914893618,1.50,ORG,Fournisseur : OPHTALMIC  ...,https://www.france-optique.com/gravures/fournisseur=2395
2136,EPSY 154 Sunlite,https://si.france-optique.com/img/gravures/nasal/web_852-oph-com_2019.tif.jpg,EPSY 154 Sunlite,https://si.france-optique.com/img/gravures/nasal/web_852-oph-com_2019.tif.jpg,"['l', 'triangle']",16.425531914893618,1.54,ORG,Fournisseur : OPHTALMIC  ...,https://www.france-optique.com/gravures/fournisseur=2395
2137,EPSY 150 Cozylens,https://si.france-optique.com/img/gravures/nasal/web_852-oph-com_2019.tif.jpg,EPSY 150 Cozylens,https://si.france-optique.com/img/gravures/nasal/web_852-oph-com_2019.tif.jpg,['n_encoche'],16.425531914893618,1.50,ORG,Fournisseur : OPHTALMIC  ...,https://www.france-optique.com/gravures/fournisseur=2395
2138,EPSY 150 Sun,https://si.france-optique.com/img/gravures/nasal/web_852-oph-com_2019.tif.jpg,EPSY 150 Sun,https://si.france-optique.com/img/gravures/nasal/web_852-oph-com_2019.tif.jpg,"['triangle', 'T']",16.425531914893618,1.50,ORG,Fournisseur : OPHTALMIC  ...,https://www.france-optique.com/gravures/fournisseur=2395
2139,EPSY 150 PolarPlus,https://si.france-optique.com/img/gravures/nasal/web_852-oph-com_2019.tif.jpg,EPSY 150 PolarPlus,https://si.france-optique.com/img/gravures/nasal/web_852-oph-com_2019.tif.jpg,"['E', 'epsilone', 'S']",16.425531914893618,1.50,ORG,Fournisseur : OPHTALMIC  ...,https://www.france-optique.com/gravures/fournisseur=2395
2141,EPSY 174,https://si.france-optique.com/img/gravures/nasal/web_852-oph-com_2019.tif.jpg,EPSY 174,https://si.france-optique.com/img/gravures/nasal/web_852-oph-com_2019.tif.jpg,"['E', 'epsilone', 'S']",16.425531914893618,1.74,ORG,Fournisseur : OPHTALMIC  ...,https://www.france-optique.com/gravures/fournisseur=2395
2145,NATURAL 1.60 + NATURAL IP 1.60 + Transitions,https://si.france-optique.com/img/gravures/nasal/web_97-nas-mont-royal-04.tif.jpg,NATURAL 1.60 + NATURAL IP 1.60 + Transitions,https://si.france-optique.com/img/gravures/nasal/web_97-nas-mont-royal-04.tif.jpg,"['sigma', 'P']",16.58823529411765,1.6,ORG,Fournisseur : MONT-ROYAL,https://www.france-optique.com/gravures/fournisseur=1838
2146,NATURAL 1.67 + NATURAL IP 1.67 + Transitions,https://si.france-optique.com/img/gravures/nasal/web_97-nas-mont-royal-04.tif.jpg,NATURAL 1.67 + NATURAL IP 1.67 + Transitions,https://si.france-optique.com/img/gravures/nasal/web_97-nas-mont-royal-04.tif.jpg,"['triangle', 'T']",16.58823529411765,1.67,ORG,Fournisseur : MONT-ROYAL,https://www.france-optique.com/gravures/fournisseur=1838
2147,NATURAL 1.74,https://si.france-optique.com/img/gravures/nasal/web_97-nas-mont-royal-04.tif.jpg,NATURAL 1.74,https://si.france-optique.com/img/gravures/nasal/web_97-nas-mont-royal-04.tif.jpg,"['triangle', 'T']",16.58823529411765,1.74,ORG,Fournisseur : MONT-ROYAL,https://www.france-optique.com/gravures/fournisseur=1838
2148,NATURAL Short 1.5 & NATURAL Short IP 1.5  + Transitions,https://si.france-optique.com/img/gravures/nasal/web_97-nas-mont-royal-04.tif.jpg,NATURAL Short 1.5 & NATURAL Short IP 1.5  + Transitions,https://si.france-optique.com/img/gravures/nasal/web_97-nas-mont-royal-04.tif.jpg,"['triangle', 'T']",16.58823529411765,1.5,ORG,Fournisseur : MONT-ROYAL,https://www.france-optique.com/gravures/fournisseur=1838
2149,NATURAL Short 1.60 & NATURAL Short IP 1.60 + Transitions,https://si.france-optique.com/img/gravures/nasal/web_97-nas-mont-royal-04.tif.jpg,NATURAL Short 1.60 & NATURAL Short IP 1.60 + Transitions,https://si.france-optique.com/img/gravures/nasal/web_97-nas-mont-royal-04.tif.jpg,"['triangle', 'T']",16.58823529411765,1.6,ORG,Fournisseur : MONT-ROYAL,https://www.france-optique.com/gravures/fournisseur=1838
2150,NATURAL Short 1.67 & NATURAL Short IP 1.67 + Transitions,https://si.france-optique.com/img/gravures/nasal/web_97-nas-mont-royal-04.tif.jpg,NATURAL Short 1.67 & NATURAL Short IP 1.67 + Transitions,https://si.france-optique.com/img/gravures/nasal/web_97-nas-mont-royal-04.tif.jpg,"['triangle', 'T']",16.58823529411765,1.67,ORG,Fournisseur : MONT-ROYAL,https://www.france-optique.com/gravures/fournisseur=1838
2151,NATURAL Short 1.74,https://si.france-optique.com/img/gravures/nasal/web_97-nas-mont-royal-04.tif.jpg,NATURAL Short 1.74,https://si.france-optique.com/img/gravures/nasal/web_97-nas-mont-royal-04.tif.jpg,"['triangle', 'T']",16.58823529411765,1.74,ORG,Fournisseur : MONT-ROYAL,https://www.france-optique.com/gravures/fournisseur=1838
2152,Excellence Conduite HD 1.50 + Transitions,https://si.france-optique.com/img/gravures/nasal/web_98-nas-mont-royal-05.tif.jpg,Excellence Conduite HD 1.50 + Transitions,https://si.france-optique.com/img/gravures/nasal/web_98-nas-mont-royal-05.tif.jpg,"['balance', '6']",16.58823529411765,1.5,ORG,Fournisseur : MONT-ROYAL,https://www.france-optique.com/gravures/fournisseur=1838
2153,Excellence Conduite Polix 1.59 + Transitions,https://si.france-optique.com/img/gravures/nasal/web_1550-NewMontRoyal2.tif.jpg,Excellence Conduite Polix 1.59 + Transitions,https://si.france-optique.com/img/gravures/nasal/web_1550-NewMontRoyal2.tif.jpg,"['V', '2', 'l']",16.58823529411765,1.59,POLY,Fournisseur : MONT-ROYAL,https://www.france-optique.com/gravures/fournisseur=1838
2154,Excellence Conduite 1.60 + Transitions,https://si.france-optique.com/img/gravures/nasal/web_98-nas-mont-royal-05.tif.jpg,Excellence Conduite 1.60 + Transitions,https://si.france-optique.com/img/gravures/nasal/web_98-nas-mont-royal-05.tif.jpg,['triangle'],16.58823529411765,1.6,ORG,Fournisseur : MONT-ROYAL,https://www.france-optique.com/gravures/fournisseur=1838
2155,Excellence Conduite 1.67 + Transitions,https://si.france-optique.com/img/gravures/nasal/web_98-nas-mont-royal-05.tif.jpg,Excellence Conduite 1.67 + Transitions,https://si.france-optique.com/img/gravures/nasal/web_98-nas-mont-royal-05.tif.jpg,['triangle'],16.58823529411765,1.67,ORG,Fournisseur : MONT-ROYAL,https://www.france-optique.com/gravures/fournisseur=1838
2156,Excellence Sport 1.50 + Transitions,https://si.france-optique.com/img/gravures/nasal/web_101-nas-mont-royal-08.tif.jpg,Excellence Sport 1.50 + Transitions,https://si.france-optique.com/img/gravures/nasal/web_101-nas-mont-royal-08.tif.jpg,"['E', 'epsilone', 'S']",16.58823529411765,1.5,ORG,Fournisseur : MONT-ROYAL,https://www.france-optique.com/gravures/fournisseur=1838
2157,Excellence Sport Polix 1.59 + Transitions,https://si.france-optique.com/img/gravures/nasal/web_1549-NewMontRoyal1.tif.jpg,Excellence Sport Polix 1.59 + Transitions,https://si.france-optique.com/img/gravures/nasal/web_1549-NewMontRoyal1.tif.jpg,['triangle'],16.58823529411765,1.59,POLY,Fournisseur : MONT-ROYAL,https://www.france-optique.com/gravures/fournisseur=1838
2158,Excellence Sport 1.60 + Transitions,https://si.france-optique.com/img/gravures/nasal/web_101-nas-mont-royal-08.tif.jpg,Excellence Sport 1.60 + Transitions,https://si.france-optique.com/img/gravures/nasal/web_101-nas-mont-royal-08.tif.jpg,"['P', 'coureur']",16.58823529411765,1.6,ORG,Fournisseur : MONT-ROYAL,https://www.france-optique.com/gravures/fournisseur=1838
2159,Excellence Sport 1.67 + Transitions,https://si.france-optique.com/img/gravures/nasal/web_101-nas-mont-royal-08.tif.jpg,Excellence Sport 1.67 + Transitions,https://si.france-optique.com/img/gravures/nasal/web_101-nas-mont-royal-08.tif.jpg,['T'],16.58823529411765,1.67,ORG,Fournisseur : MONT-ROYAL,https://www.france-optique.com/gravures/fournisseur=1838
2160,VISIAZ XP Short TEK 1.50 + Transitions,https://si.france-optique.com/img/gravures/nasal/web_104-nas-mont-royal-11.tif.jpg,VISIAZ XP Short TEK 1.50 + Transitions,https://si.france-optique.com/img/gravures/nasal/web_104-nas-mont-royal-11.tif.jpg,"['4', 'coureur']",16.58823529411765,1.5,ORG,Fournisseur : MONT-ROYAL,https://www.france-optique.com/gravures/fournisseur=1838
2161,"VISIAZ XP Short TEK 1,60 + Transitions",https://si.france-optique.com/img/gravures/nasal/web_104-nas-mont-royal-11.tif.jpg,"VISIAZ XP Short TEK 1,60 + Transitions",https://si.france-optique.com/img/gravures/nasal/web_104-nas-mont-royal-11.tif.jpg,"['T', '6']",16.58823529411765,1.6,ORG,Fournisseur : MONT-ROYAL,https://www.france-optique.com/gravures/fournisseur=1838
2162,"VISIAZ XP Short TEK 1,67 + Transitions",https://si.france-optique.com/img/gravures/nasal/web_104-nas-mont-royal-11.tif.jpg,"VISIAZ XP Short TEK 1,67 + Transitions",https://si.france-optique.com/img/gravures/nasal/web_104-nas-mont-royal-11.tif.jpg,"['M', '6']",16.58823529411765,1.67,ORG,Fournisseur : MONT-ROYAL,https://www.france-optique.com/gravures/fournisseur=1838
2163,"VISIAZ XP Short TEK 1,74",https://si.france-optique.com/img/gravures/nasal/web_104-nas-mont-royal-11.tif.jpg,"VISIAZ XP Short TEK 1,74",https://si.france-optique.com/img/gravures/nasal/web_104-nas-mont-royal-11.tif.jpg,['tortue'],16.58823529411765,1.74,ORG,Fournisseur : MONT-ROYAL,https://www.france-optique.com/gravures/fournisseur=1838
2164,VISIAZ XP 1.50 + Transitions,https://si.france-optique.com/img/gravures/nasal/web_103-nas-mont-royal-10.tif.jpg,VISIAZ XP 1.50 + Transitions,https://si.france-optique.com/img/gravures/nasal/web_103-nas-mont-royal-10.tif.jpg,"['T', '6']",16.58823529411765,1.5,ORG,Fournisseur : MONT-ROYAL,https://www.france-optique.com/gravures/fournisseur=1838
2165,"VISIAZ XP 1,60 + Transitions",https://si.france-optique.com/img/gravures/nasal/web_103-nas-mont-royal-10.tif.jpg,"VISIAZ XP 1,60 + Transitions",https://si.france-optique.com/img/gravures/nasal/web_103-nas-mont-royal-10.tif.jpg,['N'],16.58823529411765,1.6,ORG,Fournisseur : MONT-ROYAL,https://www.france-optique.com/gravures/fournisseur=1838
2166,"VISIAZ XP 1,67 + Transitions",https://si.france-optique.com/img/gravures/nasal/web_103-nas-mont-royal-10.tif.jpg,"VISIAZ XP 1,67 + Transitions",https://si.france-optique.com/img/gravures/nasal/web_103-nas-mont-royal-10.tif.jpg,['ordi'],16.58823529411765,1.67,ORG,Fournisseur : MONT-ROYAL,https://www.france-optique.com/gravures/fournisseur=1838
2167,"VISIAZ XP 1,74",https://si.france-optique.com/img/gravures/nasal/web_103-nas-mont-royal-10.tif.jpg,"VISIAZ XP 1,74",https://si.france-optique.com/img/gravures/nasal/web_103-nas-mont-royal-10.tif.jpg,"['2', 'tortue']",16.58823529411765,1.74,ORG,Fournisseur : MONT-ROYAL,https://www.france-optique.com/gravures/fournisseur=1838
2168,VISIAZ XP Short 1.50 + Transitions,https://si.france-optique.com/img/gravures/nasal/web_105-nas-mont-royal-12.tif.jpg,VISIAZ XP Short 1.50 + Transitions,https://si.france-optique.com/img/gravures/nasal/web_105-nas-mont-royal-12.tif.jpg,"['3', 'tortue']",16.58823529411765,1.5,ORG,Fournisseur : MONT-ROYAL,https://www.france-optique.com/gravures/fournisseur=1838
2169,"VISIAZ XP Short 1,60 + Transitions",https://si.france-optique.com/img/gravures/nasal/web_105-nas-mont-royal-12.tif.jpg,"VISIAZ XP Short 1,60 + Transitions",https://si.france-optique.com/img/gravures/nasal/web_105-nas-mont-royal-12.tif.jpg,"['4', 'tortue']",16.58823529411765,1.6,ORG,Fournisseur : MONT-ROYAL,https://www.france-optique.com/gravures/fournisseur=1838
2170,"VISIAZ XP Short 1,67 + Transitions",https://si.france-optique.com/img/gravures/nasal/web_105-nas-mont-royal-12.tif.jpg,"VISIAZ XP Short 1,67 + Transitions",https://si.france-optique.com/img/gravures/nasal/web_105-nas-mont-royal-12.tif.jpg,['ordi'],16.58823529411765,1.67,ORG,Fournisseur : MONT-ROYAL,https://www.france-optique.com/gravures/fournisseur=1838
2171,"VISIAZ XP Short 1,74",https://si.france-optique.com/img/gravures/nasal/web_105-nas-mont-royal-12.tif.jpg,"VISIAZ XP Short 1,74",https://si.france-optique.com/img/gravures/nasal/web_105-nas-mont-royal-12.tif.jpg,"['C', 'D']",16.58823529411765,1.74,ORG,Fournisseur : MONT-ROYAL,https://www.france-optique.com/gravures/fournisseur=1838
2172,VISIAZ DG 1.50 + Transitions,https://si.france-optique.com/img/gravures/nasal/web_106-nas-mont-royal-13.tif.jpg,VISIAZ DG 1.50 + Transitions,https://si.france-optique.com/img/gravures/nasal/web_106-nas-mont-royal-13.tif.jpg,"['E', 'epsilone', 'S']",16.58823529411765,1.5,ORG,Fournisseur : MONT-ROYAL,https://www.france-optique.com/gravures/fournisseur=1838
2173,"VISIAZ DG 1,60 + Transitions",https://si.france-optique.com/img/gravures/nasal/web_106-nas-mont-royal-13.tif.jpg,"VISIAZ DG 1,60 + Transitions",https://si.france-optique.com/img/gravures/nasal/web_106-nas-mont-royal-13.tif.jpg,"['neo', 'N', '4']",16.58823529411765,1.6,ORG,Fournisseur : MONT-ROYAL,https://www.france-optique.com/gravures/fournisseur=1838
2174,"VISIAZ DG 1,67 + Transitions",https://si.france-optique.com/img/gravures/nasal/web_106-nas-mont-royal-13.tif.jpg,"VISIAZ DG 1,67 + Transitions",https://si.france-optique.com/img/gravures/nasal/web_106-nas-mont-royal-13.tif.jpg,"['M', '3', 'l']",16.58823529411765,1.67,ORG,Fournisseur : MONT-ROYAL,https://www.france-optique.com/gravures/fournisseur=1838
2175,"VISIAZ DG 1,74",https://si.france-optique.com/img/gravures/nasal/web_106-nas-mont-royal-13.tif.jpg,"VISIAZ DG 1,74",https://si.france-optique.com/img/gravures/nasal/web_106-nas-mont-royal-13.tif.jpg,"['neo', 'N', '5']",16.58823529411765,1.74,ORG,Fournisseur : MONT-ROYAL,https://www.france-optique.com/gravures/fournisseur=1838
2176,SURF 1.50 & SURF IP 1.50 + Transitions,https://si.france-optique.com/img/gravures/nasal/web_125-nas-mont-royal-20.tif.jpg,SURF 1.50 & SURF IP 1.50 + Transitions,https://si.france-optique.com/img/gravures/nasal/web_125-nas-mont-royal-20.tif.jpg,"['M', '3', 'l']",16.58823529411765,1.5,ORG,Fournisseur : MONT-ROYAL,https://www.france-optique.com/gravures/fournisseur=1838
2177,SURF Polix + Transitions,https://si.france-optique.com/img/gravures/nasal/web_124-nas-mont-royal-19.tif.jpg,SURF Short Polix 1.59 + Transitions,https://si.france-optique.com/img/gravures/nasal/web_1015-nas-mont-royal-28.tif.jpg,"['neo', 'N', '4']",12.028913260219342,1.591,POLY,Fournisseur : MONT-ROYAL,https://www.france-optique.com/gravures/fournisseur=1838
2178,SURF 1.60 & SURF IP 1.60 + Transitions,https://si.france-optique.com/img/gravures/nasal/web_125-nas-mont-royal-20.tif.jpg,SURF 1.60 & SURF IP 1.60 + Transitions,https://si.france-optique.com/img/gravures/nasal/web_125-nas-mont-royal-20.tif.jpg,"['neo', 'N', '1']",16.58823529411765,1.6,ORG,Fournisseur : MONT-ROYAL,https://www.france-optique.com/gravures/fournisseur=1838
2179,SURF 1.67 & SURF IP 1.67 + Transitions,https://si.france-optique.com/img/gravures/nasal/web_125-nas-mont-royal-20.tif.jpg,SURF 1.67 & SURF IP 1.67 + Transitions,https://si.france-optique.com/img/gravures/nasal/web_125-nas-mont-royal-20.tif.jpg,"['M', '1', 'l']",16.58823529411765,1.67,ORG,Fournisseur : MONT-ROYAL,https://www.france-optique.com/gravures/fournisseur=1838
2180,SURF Short 1.50 & SURF Short IP 1.50 + Transitions,https://si.france-optique.com/img/gravures/nasal/web_126-nas-mont-royal-21.tif.jpg,SURF Short 1.50 & SURF Short IP 1.50 + Transitions,https://si.france-optique.com/img/gravures/nasal/web_126-nas-mont-royal-21.tif.jpg,"['X', 'P', 'S', 'T']",16.58823529411765,1.5,ORG,Fournisseur : MONT-ROYAL,https://www.france-optique.com/gravures/fournisseur=1838
2181,SURF Short Polix 1.59 + Transitions,https://si.france-optique.com/img/gravures/nasal/web_1015-nas-mont-royal-28.tif.jpg,SURF Short Polix 1.59 + Transitions,https://si.france-optique.com/img/gravures/nasal/web_1015-nas-mont-royal-28.tif.jpg,"['neo', 'N', '4']",16.58823529411765,1.591,POLY,Fournisseur : MONT-ROYAL,https://www.france-optique.com/gravures/fournisseur=1838
2182,"SURF Short 1,60 + Transitions",https://si.france-optique.com/img/gravures/nasal/web_126-nas-mont-royal-21.tif.jpg,"SURF Short 1,60 + Transitions",https://si.france-optique.com/img/gravures/nasal/web_126-nas-mont-royal-21.tif.jpg,"['V', 'X', 'P']",16.58823529411765,1.6,ORG,Fournisseur : MONT-ROYAL,https://www.france-optique.com/gravures/fournisseur=1838
2183,"SURF Short 1,67 + Transitions",https://si.france-optique.com/img/gravures/nasal/web_126-nas-mont-royal-21.tif.jpg,"SURF Short 1,67 + Transitions",https://si.france-optique.com/img/gravures/nasal/web_126-nas-mont-royal-21.tif.jpg,"['+', 'oeilprofil', 'M', '6']",16.58823529411765,1.67,ORG,Fournisseur : MONT-ROYAL,https://www.france-optique.com/gravures/fournisseur=1838
2184,INITIAL 1.50 + Transitions,https://si.france-optique.com/img/gravures/nasal/web_127-nas-mont-royal-22.tif.jpg,INITIAL 1.50 + Transitions,https://si.france-optique.com/img/gravures/nasal/web_127-nas-mont-royal-22.tif.jpg,['o_courbebasse'],16.58823529411765,1.5,ORG,Fournisseur : MONT-ROYAL,https://www.france-optique.com/gravures/fournisseur=1838
2185,INITIAL 1.60 + Transitions,https://si.france-optique.com/img/gravures/nasal/web_127-nas-mont-royal-22.tif.jpg,INITIAL 1.60 + Transitions,https://si.france-optique.com/img/gravures/nasal/web_127-nas-mont-royal-22.tif.jpg,"['+', 'oeilprofil', 'M', '6', '7']",16.58823529411765,1.6,ORG,Fournisseur : MONT-ROYAL,https://www.france-optique.com/gravures/fournisseur=1838
2186,INITIAL 1.67 + Transitions,https://si.france-optique.com/img/gravures/nasal/web_127-nas-mont-royal-22.tif.jpg,INITIAL 1.67 + Transitions,https://si.france-optique.com/img/gravures/nasal/web_127-nas-mont-royal-22.tif.jpg,"['D', '3', 'l']",16.58823529411765,1.67,ORG,Fournisseur : MONT-ROYAL,https://www.france-optique.com/gravures/fournisseur=1838
2187,"INITIAL Short 1,50 + Transitions",https://si.france-optique.com/img/gravures/nasal/web_127-nas-mont-royal-22.tif.jpg,"INITIAL Short 1,50 + Transitions",https://si.france-optique.com/img/gravures/nasal/web_127-nas-mont-royal-22.tif.jpg,"['n', '3']",16.58823529411765,1.5,ORG,Fournisseur : MONT-ROYAL,https://www.france-optique.com/gravures/fournisseur=1838
2188,"INITIAL Short 1,60 + Transitions",https://si.france-optique.com/img/gravures/nasal/web_127-nas-mont-royal-22.tif.jpg,"INITIAL Short 1,60 + Transitions",https://si.france-optique.com/img/gravures/nasal/web_127-nas-mont-royal-22.tif.jpg,"['D', '3', 'l']",16.58823529411765,1.6,ORG,Fournisseur : MONT-ROYAL,https://www.france-optique.com/gravures/fournisseur=1838
2189,"INITIAL Short 1,67 + Transitions",https://si.france-optique.com/img/gravures/nasal/web_127-nas-mont-royal-22.tif.jpg,"INITIAL Short 1,67 + Transitions",https://si.france-optique.com/img/gravures/nasal/web_127-nas-mont-royal-22.tif.jpg,"['X', 'P', 'S']",16.58823529411765,1.67,ORG,Fournisseur : MONT-ROYAL,https://www.france-optique.com/gravures/fournisseur=1838
2190,Excellence Office 1.50 & Excellence Office IP 1.50,https://si.france-optique.com/img/gravures/nasal/web_128-nas-mont-royal-23.tif.jpg,Excellence Office 1.50 & Excellence Office IP 1.50,https://si.france-optique.com/img/gravures/nasal/web_128-nas-mont-royal-23.tif.jpg,"['n', '5']",16.58823529411765,1.5,ORG,Fournisseur : MONT-ROYAL,https://www.france-optique.com/gravures/fournisseur=1838
2191,Excellence Office 1.60 + Excellence Office IP 1.60,https://si.france-optique.com/img/gravures/nasal/web_128-nas-mont-royal-23.tif.jpg,Excellence Office 1.60 + Excellence Office IP 1.60,https://si.france-optique.com/img/gravures/nasal/web_128-nas-mont-royal-23.tif.jpg,"['+', 'oeilprofil', '6']",16.58823529411765,1.6,ORG,Fournisseur : MONT-ROYAL,https://www.france-optique.com/gravures/fournisseur=1838
2192,Excellence Office 1.67 + Excellence Office IP 1.67,https://si.france-optique.com/img/gravures/nasal/web_128-nas-mont-royal-23.tif.jpg,Excellence Office 1.67 + Excellence Office IP 1.67,https://si.france-optique.com/img/gravures/nasal/web_128-nas-mont-royal-23.tif.jpg,"['A', 'N', 'K']",16.58823529411765,1.67,ORG,Fournisseur : MONT-ROYAL,https://www.france-optique.com/gravures/fournisseur=1838
2193,Proxoffice 1.50 & Proxoffice IP 1.50,https://si.france-optique.com/img/gravures/nasal/web_128-nas-mont-royal-23.tif.jpg,Proxoffice 1.50 & Proxoffice IP 1.50,https://si.france-optique.com/img/gravures/nasal/web_128-nas-mont-royal-23.tif.jpg,"['V', 'D', 'G']",16.58823529411765,1.5,ORG,Fournisseur : MONT-ROYAL,https://www.france-optique.com/gravures/fournisseur=1838
2194,"Proxoffice 1,60 + Proxoffice IP 1,60",https://si.france-optique.com/img/gravures/nasal/web_130-nas-mont-royal-25.tif.jpg,"Proxoffice 1,60 + Proxoffice IP 1,60",https://si.france-optique.com/img/gravures/nasal/web_130-nas-mont-royal-25.tif.jpg,"['A', 'N', 'K', '6']",16.58823529411765,1.6,ORG,Fournisseur : MONT-ROYAL,https://www.france-optique.com/gravures/fournisseur=1838
2195,"Proxoffice 1,67 + Proxoffice IP 1,67",https://si.france-optique.com/img/gravures/nasal/web_131-nas-mont-royal-26.tif.jpg,Excellence Office 1.67 + Excellence Office IP 1.67,https://si.france-optique.com/img/gravures/nasal/web_128-nas-mont-royal-23.tif.jpg,"['A', 'N', 'K']",11.54172366621067,1.67,ORG,Fournisseur : MONT-ROYAL,https://www.france-optique.com/gravures/fournisseur=1838
2204,OPTIMAL 1.50 & OPTIMAL IP 1.50 + Transitions,https://si.france-optique.com/img/gravures/nasal/web_832-nas-mont-royal-27.tif.jpg,OPTIMAL 1.50 & OPTIMAL IP 1.50 + Transitions,https://si.france-optique.com/img/gravures/nasal/web_832-nas-mont-royal-27.tif.jpg,"['S', 'i', '+', '5']",16.58823529411765,1.50,ORG,Fournisseur : MONT-ROYAL,https://www.france-optique.com/gravures/fournisseur=1838
2205,OPTIMAL 1.60 & OPTIMAL IP 1.60 + Transitions,https://si.france-optique.com/img/gravures/nasal/web_832-nas-mont-royal-27.tif.jpg,OPTIMAL 1.60 & OPTIMAL IP 1.60 + Transitions,https://si.france-optique.com/img/gravures/nasal/web_832-nas-mont-royal-27.tif.jpg,"['A', 'N', 'K', '7', '4']",16.58823529411765,1.60,ORG,Fournisseur : MONT-ROYAL,https://www.france-optique.com/gravures/fournisseur=1838
2206,OPTIMAL 1.67 & OPTIMAL IP 1.67 + Transitions,https://si.france-optique.com/img/gravures/nasal/web_832-nas-mont-royal-27.tif.jpg,OPTIMAL 1.67 & OPTIMAL IP 1.67 + Transitions,https://si.france-optique.com/img/gravures/nasal/web_832-nas-mont-royal-27.tif.jpg,"['S', 'i', '+', 'P']",16.58823529411765,1.67,ORG,Fournisseur : MONT-ROYAL,https://www.france-optique.com/gravures/fournisseur=1838
2207,OPTIMAL 1.74,https://si.france-optique.com/img/gravures/nasal/web_832-nas-mont-royal-27.tif.jpg,OPTIMAL 1.67 & OPTIMAL IP 1.67 + Transitions,https://si.france-optique.com/img/gravures/nasal/web_832-nas-mont-royal-27.tif.jpg,"['S', 'i', '+', 'P']",12.766806722689076,1.74,ORG,Fournisseur : MONT-ROYAL,https://www.france-optique.com/gravures/fournisseur=1838
2220,Progressif Forte Puissance VON,https://si.france-optique.com/img/gravures/nasal/web_1925-1227-NK PROGRESSIF 174 Forte Puissance Nasal.tif.jpg,Progressif Forte Puissance VON,https://si.france-optique.com/img/gravures/nasal/web_1925-1227-NK PROGRESSIF 174 Forte Puissance Nasal.tif.jpg,"['D', 'I', 'lune', '6', '7']",16.448979591836736,1.74,ORG,Fournisseur : NIKON VERR ...,https://www.france-optique.com/gravures/fournisseur=561
2225,Presio Balance Z 12/14,https://si.france-optique.com/img/gravures/nasal/web_2011-nas-nikon-BalanceZ5254.tif.jpg,Presio Balance 12/14,https://si.france-optique.com/img/gravures/nasal/web_1864-1428-nas-nikon-Balance5254.tif.jpg,['triangle'],12.306122448979592,1.74,ORG,Fournisseur : NIKON VERR ...,https://www.france-optique.com/gravures/fournisseur=561
2226,Presio Power Z 12/14,https://si.france-optique.com/img/gravures/nasal/web_1884-PZ-5254.tif.jpg,Presio Power Z 12/14,https://si.france-optique.com/img/gravures/nasal/web_1884-PZ-5254.tif.jpg,['s_carre'],16.448979591836736,1.74,ORG,Fournisseur : NIKON VERR ...,https://www.france-optique.com/gravures/fournisseur=561
2227,Presio Master Z 12/14,https://si.france-optique.com/img/gravures/nasal/web_1972-MasterZinfinite-5452.tif.jpg,Presio Master Z 12/14,https://si.france-optique.com/img/gravures/nasal/web_1972-MasterZinfinite-5452.tif.jpg,"['A', 'omega', 'N', 'k', '7', '4']",16.448979591836736,1.74,ORG,Fournisseur : NIKON VERR ...,https://www.france-optique.com/gravures/fournisseur=561
2228,Maximo DS,https://si.france-optique.com/img/gravures/nasal/web_531-nas-bbgr-94.tif.jpg,Maximo DS,https://si.france-optique.com/img/gravures/nasal/web_531-nas-bbgr-94.tif.jpg,['triangle'],16.58823529411765,1.5,ORG,Fournisseur : OPTIC 2000,https://www.france-optique.com/gravures/fournisseur=127
2229,Maximo DS POLY,https://si.france-optique.com/img/gravures/nasal/web_526-nas-bbgr-89.tif.jpg,Maximo DS POLY,https://si.france-optique.com/img/gravures/nasal/web_526-nas-bbgr-89.tif.jpg,"['D', 'I', 'lune', '1', '6']",16.58823529411765,1.591,POLY,Fournisseur : OPTIC 2000,https://www.france-optique.com/gravures/fournisseur=127
2230,Maximo DS 1.6,https://si.france-optique.com/img/gravures/nasal/web_527-nas-bbgr-90.tif.jpg,Maximo DS 1.6,https://si.france-optique.com/img/gravures/nasal/web_527-nas-bbgr-90.tif.jpg,['carré'],16.58823529411765,1.61,ORG,Fournisseur : OPTIC 2000,https://www.france-optique.com/gravures/fournisseur=127
2231,Maximo DS 1.67,https://si.france-optique.com/img/gravures/nasal/web_528-nas-bbgr-91.tif.jpg,Maximo DS 1.67,https://si.france-optique.com/img/gravures/nasal/web_528-nas-bbgr-91.tif.jpg,"['D', 'I', 'soleil', 'P', 'C']",16.58823529411765,1.67,ORG,Fournisseur : OPTIC 2000,https://www.france-optique.com/gravures/fournisseur=127
2232,Maximo M16,https://si.france-optique.com/img/gravures/nasal/web_531-nas-bbgr-94.tif.jpg,Maximo M16,https://si.france-optique.com/img/gravures/nasal/web_531-nas-bbgr-94.tif.jpg,"['D', 'I', 'soleil', 'P', 'C']",16.58823529411765,1.604,MIN,Fournisseur : OPTIC 2000,https://www.france-optique.com/gravures/fournisseur=127
2233,Milado HD (OR15),https://si.france-optique.com/img/gravures/nasal/web_545-nas-bbgr-108.tif.jpg,Milado HD (OR15),https://si.france-optique.com/img/gravures/nasal/web_545-nas-bbgr-108.tif.jpg,['triangle'],16.58823529411765,1.5,ORG,Fournisseur : OPTIC 2000,https://www.france-optique.com/gravures/fournisseur=127
2234,Milado HD POLY,https://si.france-optique.com/img/gravures/nasal/web_547-nas-bbgr-110.tif.jpg,Milado HD POLY,https://si.france-optique.com/img/gravures/nasal/web_547-nas-bbgr-110.tif.jpg,['carré'],16.58823529411765,1.591,POLY,Fournisseur : OPTIC 2000,https://www.france-optique.com/gravures/fournisseur=127
2235,Milado HD 1.6,https://si.france-optique.com/img/gravures/nasal/web_548-nas-bbgr-111.tif.jpg,Milado HD 1.6,https://si.france-optique.com/img/gravures/nasal/web_548-nas-bbgr-111.tif.jpg,['triangle'],16.58823529411765,1.6,ORG,Fournisseur : OPTIC 2000,https://www.france-optique.com/gravures/fournisseur=127
2236,Milado HD 1.67,https://si.france-optique.com/img/gravures/nasal/web_551-nas-bbgr-114.tif.jpg,Milado HD 1.67,https://si.france-optique.com/img/gravures/nasal/web_551-nas-bbgr-114.tif.jpg,['triangle'],16.58823529411765,1.67,ORG,Fournisseur : OPTIC 2000,https://www.france-optique.com/gravures/fournisseur=127
2237,Milado HD Mini (OR15),https://si.france-optique.com/img/gravures/nasal/web_545-nas-bbgr-108.tif.jpg,Milado HD Mini (OR15),https://si.france-optique.com/img/gravures/nasal/web_545-nas-bbgr-108.tif.jpg,['[sl'],16.58823529411765,1.5,ORG,Fournisseur : OPTIC 2000,https://www.france-optique.com/gravures/fournisseur=127
2238,Milado HD Mini POLY,https://si.france-optique.com/img/gravures/nasal/web_547-nas-bbgr-110.tif.jpg,Milado HD Mini POLY,https://si.france-optique.com/img/gravures/nasal/web_547-nas-bbgr-110.tif.jpg,['s1'],16.58823529411765,1.591,ORG,Fournisseur : OPTIC 2000,https://www.france-optique.com/gravures/fournisseur=127
2239,Milado HD Mini 1.6,https://si.france-optique.com/img/gravures/nasal/web_548-nas-bbgr-111.tif.jpg,Milado HD Mini 1.6,https://si.france-optique.com/img/gravures/nasal/web_548-nas-bbgr-111.tif.jpg,['carré'],16.58823529411765,1.6,ORG,Fournisseur : OPTIC 2000,https://www.france-optique.com/gravures/fournisseur=127
2240,Milado HD Mini 1.67,https://si.france-optique.com/img/gravures/nasal/web_551-nas-bbgr-114.tif.jpg,Milado HD Mini 1.67,https://si.france-optique.com/img/gravures/nasal/web_551-nas-bbgr-114.tif.jpg,['triangle'],16.58823529411765,1.67,ORG,Fournisseur : OPTIC 2000,https://www.france-optique.com/gravures/fournisseur=127
2241,Milado Start,https://si.france-optique.com/img/gravures/nasal/web_750-nas-optic2000-01.tif.jpg,Milado Start,https://si.france-optique.com/img/gravures/nasal/web_750-nas-optic2000-01.tif.jpg,"['V', '4', 'l']",16.58823529411765,1.5,ORG,Fournisseur : OPTIC 2000,https://www.france-optique.com/gravures/fournisseur=127
2242,Milado Start Mini,https://si.france-optique.com/img/gravures/nasal/web_753-nas-optic2000-04.tif.jpg,Milado Start Mini,https://si.france-optique.com/img/gravures/nasal/web_753-nas-optic2000-04.tif.jpg,['n_encoche'],16.58823529411765,1.5,ORG,Fournisseur : OPTIC 2000,https://www.france-optique.com/gravures/fournisseur=127
2243,Milado Start 1.6,https://si.france-optique.com/img/gravures/nasal/web_751-nas-optic2000-02.tif.jpg,Milado Start 1.6,https://si.france-optique.com/img/gravures/nasal/web_751-nas-optic2000-02.tif.jpg,"['sigma', '6']",16.58823529411765,1.6,ORG,Fournisseur : OPTIC 2000,https://www.france-optique.com/gravures/fournisseur=127
2244,Milado Start Mini 1.6,https://si.france-optique.com/img/gravures/nasal/web_752-nas-optic2000-03.tif.jpg,Milado Start Mini 1.6,https://si.france-optique.com/img/gravures/nasal/web_752-nas-optic2000-03.tif.jpg,"['sigma', '6', '7']",16.58823529411765,1.6,ORG,Fournisseur : OPTIC 2000,https://www.france-optique.com/gravures/fournisseur=127
2245,Milado Start M16,https://si.france-optique.com/img/gravures/nasal/web_751-nas-optic2000-02.tif.jpg,Milado Start M16,https://si.france-optique.com/img/gravures/nasal/web_751-nas-optic2000-02.tif.jpg,['sigma'],16.58823529411765,1.604,MIN,Fournisseur : OPTIC 2000,https://www.france-optique.com/gravures/fournisseur=127
2246,Vision Ordinateur MD 10 (OR15),https://si.france-optique.com/img/gravures/nasal/web_766-nas-optic2000-17.tif.jpg,Vision Ordinateur MD 10 (OR15),https://si.france-optique.com/img/gravures/nasal/web_766-nas-optic2000-17.tif.jpg,"['balance', '5']",16.58823529411765,1.5,ORG,Fournisseur : OPTIC 2000,https://www.france-optique.com/gravures/fournisseur=127
2247,Vision Ordinateur MD 15 (OR15),https://si.france-optique.com/img/gravures/nasal/web_766-nas-optic2000-17.tif.jpg,Vision Ordinateur MD 15 (OR15),https://si.france-optique.com/img/gravures/nasal/web_766-nas-optic2000-17.tif.jpg,"['balance', 'P']",16.58823529411765,1.5,ORG,Fournisseur : OPTIC 2000,https://www.france-optique.com/gravures/fournisseur=127
2248,Vision Ordinateur MD 20 (OR15),https://si.france-optique.com/img/gravures/nasal/web_766-nas-optic2000-17.tif.jpg,Vision Ordinateur MD 20 (OR15),https://si.france-optique.com/img/gravures/nasal/web_766-nas-optic2000-17.tif.jpg,"['3', 'oeil_a']",16.58823529411765,1.5,ORG,Fournisseur : OPTIC 2000,https://www.france-optique.com/gravures/fournisseur=127
2249,Vision Ordinateur MD 10 1.6,https://si.france-optique.com/img/gravures/nasal/web_766-nas-optic2000-17.tif.jpg,Vision Ordinateur MD 10 1.6,https://si.france-optique.com/img/gravures/nasal/web_766-nas-optic2000-17.tif.jpg,"['E', 'epsilone', 'S']",16.58823529411765,1.6,ORG,Fournisseur : OPTIC 2000,https://www.france-optique.com/gravures/fournisseur=127
2250,Vision Ordinateur MD 15 1.6,https://si.france-optique.com/img/gravures/nasal/web_766-nas-optic2000-17.tif.jpg,Vision Ordinateur MD 15 1.6,https://si.france-optique.com/img/gravures/nasal/web_766-nas-optic2000-17.tif.jpg,"['balance', '5']",16.58823529411765,1.6,ORG,Fournisseur : OPTIC 2000,https://www.france-optique.com/gravures/fournisseur=127
2251,Vision Ordinateur MD 20 1.6,https://si.france-optique.com/img/gravures/nasal/web_766-nas-optic2000-17.tif.jpg,Vision Ordinateur MD 20 1.6,https://si.france-optique.com/img/gravures/nasal/web_766-nas-optic2000-17.tif.jpg,"['balance', 'P']",16.58823529411765,1.6,ORG,Fournisseur : OPTIC 2000,https://www.france-optique.com/gravures/fournisseur=127
2252,Vision Ordinateur PROG (OR15),https://si.france-optique.com/img/gravures/nasal/web_767-nas-optic2000-18.tif.jpg,Vision Ordinateur PROG (OR15),https://si.france-optique.com/img/gravures/nasal/web_767-nas-optic2000-18.tif.jpg,"['balance', '6']",16.58823529411765,1.5,ORG,Fournisseur : OPTIC 2000,https://www.france-optique.com/gravures/fournisseur=127
2253,Vision Ordinateur PROG 1.6,https://si.france-optique.com/img/gravures/nasal/web_767-nas-optic2000-18.tif.jpg,Vision Ordinateur PROG 1.6,https://si.france-optique.com/img/gravures/nasal/web_767-nas-optic2000-18.tif.jpg,"['m_symbol', 'Z', 'N', '1', '2', '/', 'N', '1', '4']",16.58823529411765,1.6,ORG,Fournisseur : OPTIC 2000,https://www.france-optique.com/gravures/fournisseur=127
2254,Melodio Plus,https://si.france-optique.com/img/gravures/nasal/web_768-nas-optic2000-19.tif.jpg,Melodio Plus,https://si.france-optique.com/img/gravures/nasal/web_768-nas-optic2000-19.tif.jpg,"['m_symbol', 'Z', 'N', '3', '2', '/', 'N', '3', '4']",16.58823529411765,1.5,ORG,Fournisseur : OPTIC 2000,https://www.france-optique.com/gravures/fournisseur=127
2255,Melodio Plus POLY,https://si.france-optique.com/img/gravures/nasal/web_769-nas-optic2000-20.tif.jpg,Melodio Plus POLY,https://si.france-optique.com/img/gravures/nasal/web_769-nas-optic2000-20.tif.jpg,"['2', 'coureur']",16.58823529411765,1.591,POLY,Fournisseur : OPTIC 2000,https://www.france-optique.com/gravures/fournisseur=127
2256,Melodio Plus 1.6,https://si.france-optique.com/img/gravures/nasal/web_770-nas-optic2000-21.tif.jpg,Melodio Plus 1.6,https://si.france-optique.com/img/gravures/nasal/web_770-nas-optic2000-21.tif.jpg,"['3', 'coureur']",16.58823529411765,1.6,ORG,Fournisseur : OPTIC 2000,https://www.france-optique.com/gravures/fournisseur=127
2257,Melodio Plus 1.67,https://si.france-optique.com/img/gravures/nasal/web_771-nas-optic2000-22.tif.jpg,Melodio Plus 1.67,https://si.france-optique.com/img/gravures/nasal/web_771-nas-optic2000-22.tif.jpg,"['M', '1', 'l']",16.58823529411765,1.67,ORG,Fournisseur : OPTIC 2000,https://www.france-optique.com/gravures/fournisseur=127
2258,Melodio Plus 1.74,https://si.france-optique.com/img/gravures/nasal/web_772-nas-optic2000-23.tif.jpg,Melodio Plus 1.74,https://si.france-optique.com/img/gravures/nasal/web_772-nas-optic2000-23.tif.jpg,"['M', '1', 'l']",16.58823529411765,1.74,ORG,Fournisseur : OPTIC 2000,https://www.france-optique.com/gravures/fournisseur=127
2259,Melodio Plus Mini,https://si.france-optique.com/img/gravures/nasal/web_773-nas-optic2000-24.tif.jpg,Melodio Plus Mini,https://si.france-optique.com/img/gravures/nasal/web_773-nas-optic2000-24.tif.jpg,"['M', 'D', '4', 'l']",16.58823529411765,1.5,ORG,Fournisseur : OPTIC 2000,https://www.france-optique.com/gravures/fournisseur=127
2260,Melodio Plus Mini POLY,https://si.france-optique.com/img/gravures/nasal/web_774-nas-optic2000-25.tif.jpg,Melodio Plus Mini POLY,https://si.france-optique.com/img/gravures/nasal/web_774-nas-optic2000-25.tif.jpg,"['T', 'tortue']",16.58823529411765,1.591,POLY,Fournisseur : OPTIC 2000,https://www.france-optique.com/gravures/fournisseur=127
2261,Melodio Plus Mini 1.6,https://si.france-optique.com/img/gravures/nasal/web_775-nas-optic2000-26.tif.jpg,Melodio Plus Mini 1.6,https://si.france-optique.com/img/gravures/nasal/web_775-nas-optic2000-26.tif.jpg,"['P', 'tortue']",16.58823529411765,1.6,ORG,Fournisseur : OPTIC 2000,https://www.france-optique.com/gravures/fournisseur=127
2262,Melodio Plus Mini 1.67,https://si.france-optique.com/img/gravures/nasal/web_776-nas-optic2000-27.tif.jpg,Melodio Plus Mini 1.67,https://si.france-optique.com/img/gravures/nasal/web_776-nas-optic2000-27.tif.jpg,"['M', 'D', '4', 'l']",16.58823529411765,1.67,ORG,Fournisseur : OPTIC 2000,https://www.france-optique.com/gravures/fournisseur=127
2263,Melodio Plus Mini 1.74,https://si.france-optique.com/img/gravures/nasal/web_777-nas-optic2000-28.tif.jpg,Melodio Plus Mini 1.74,https://si.france-optique.com/img/gravures/nasal/web_777-nas-optic2000-28.tif.jpg,"['n', '5']",16.58823529411765,1.74,ORG,Fournisseur : OPTIC 2000,https://www.france-optique.com/gravures/fournisseur=127
2264,Melodio Plus Mio,https://si.france-optique.com/img/gravures/nasal/web_778-nas-optic2000-29.tif.jpg,Melodio Plus Mio,https://si.france-optique.com/img/gravures/nasal/web_778-nas-optic2000-29.tif.jpg,['ordi'],16.58823529411765,1.5,ORG,Fournisseur : OPTIC 2000,https://www.france-optique.com/gravures/fournisseur=127
2265,Melodio Plus Mio POLY,https://si.france-optique.com/img/gravures/nasal/web_782-nas-optic2000-33.tif.jpg,Melodio Plus Mio POLY,https://si.france-optique.com/img/gravures/nasal/web_782-nas-optic2000-33.tif.jpg,"['S', 'P']",16.58823529411765,1.591,POLY,Fournisseur : OPTIC 2000,https://www.france-optique.com/gravures/fournisseur=127
2266,Melodio Plus Mio 1.6,https://si.france-optique.com/img/gravures/nasal/web_781-nas-optic2000-32.tif.jpg,Melodio Plus Mio 1.6,https://si.france-optique.com/img/gravures/nasal/web_781-nas-optic2000-32.tif.jpg,"['M', 'D', '1', 'l']",16.58823529411765,1.6,ORG,Fournisseur : OPTIC 2000,https://www.france-optique.com/gravures/fournisseur=127
2267,Melodio Plus Mio 1.67,https://si.france-optique.com/img/gravures/nasal/web_780-nas-optic2000-31.tif.jpg,Melodio Plus Mio 1.67,https://si.france-optique.com/img/gravures/nasal/web_780-nas-optic2000-31.tif.jpg,"['E', 'epsilone', 'S']",16.58823529411765,1.67,ORG,Fournisseur : OPTIC 2000,https://www.france-optique.com/gravures/fournisseur=127
2268,Melodio Plus Mio 1.74,https://si.france-optique.com/img/gravures/nasal/web_779-nas-optic2000-30.tif.jpg,Melodio Plus Mio 1.74,https://si.france-optique.com/img/gravures/nasal/web_779-nas-optic2000-30.tif.jpg,"['S', 'P']",16.58823529411765,1.74,ORG,Fournisseur : OPTIC 2000,https://www.france-optique.com/gravures/fournisseur=127
2269,Mediato Plus,https://si.france-optique.com/img/gravures/nasal/web_1685-783-nas-optic2000-34.tif.jpg,Mediato Plus Mio,https://si.france-optique.com/img/gravures/nasal/web_784-nas-optic2000-35.tif.jpg,"['M', '1', 'l']",12.159663865546218,1.5,ORG,Fournisseur : OPTIC 2000,https://www.france-optique.com/gravures/fournisseur=127
2270,Mediato Plus POLY,https://si.france-optique.com/img/gravures/nasal/web_487-nas-bbgr-50.tif.jpg,Mediato Plus POLY,https://si.france-optique.com/img/gravures/nasal/web_487-nas-bbgr-50.tif.jpg,"['E', 'epsilone', 'S']",16.58823529411765,1.591,POLY,Fournisseur : OPTIC 2000,https://www.france-optique.com/gravures/fournisseur=127
2272,NeoPerfect ZEN / NeoPerfect ZEN UV Clear / NeoPerfect ZEN Blue Clear / NeoPerfect ZEN Transitions TM Gen S® / NeoPerfect ZEN Transitions TM XTRActive®,https://si.france-optique.com/img/gravures/nasal/web_369-nas-novacel-34.tif.jpg,NeoPerfect ZEN / NeoPerfect ZEN UV Clear / NeoPerfect ZEN Blue Clear / NeoPerfect ZEN Transitions TM Gen S® / NeoPerfect ZEN Transitions TM XTRActive®,https://si.france-optique.com/img/gravures/nasal/web_369-nas-novacel-34.tif.jpg,"['vcercle', 'I', 'w', 'B']",16.5,1.6,ORG,Fournisseur : NOVACEL,https://www.france-optique.com/gravures/fournisseur=711
2290,Epsy 150 UV 400,https://si.france-optique.com/img/gravures/nasal/web_852-oph-com_2019.tif.jpg,Epsy 150 UV 400,https://si.france-optique.com/img/gravures/nasal/web_852-oph-com_2019.tif.jpg,"['E', 'epsilone', 'S']",16.425531914893618,1.50,ORG,Fournisseur : OPHTALMIC  ...,https://www.france-optique.com/gravures/fournisseur=2395
2293,Progressif VON,https://si.france-optique.com/img/gravures/nasal/web_1218-Engraving Classe A NK PROGRESSIF 174 Nasal.tif.jpg,Progressif VON,https://si.france-optique.com/img/gravures/nasal/web_1218-Engraving Classe A NK PROGRESSIF 174 Nasal.tif.jpg,"['+', 'oeilprofil', 'P']",16.448979591836736,1.74,ORG,Fournisseur : NIKON VERR ...,https://www.france-optique.com/gravures/fournisseur=561
2294,Mi-distance VON,https://si.france-optique.com/img/gravures/nasal/web_1895-Engraving Classe A NK MIDISTANCE 16 Nasal.tif.jpg,Mi-distance VON,https://si.france-optique.com/img/gravures/nasal/web_1895-Engraving Classe A NK MIDISTANCE 16 Nasal.tif.jpg,"['neo', 'N', '5']",16.448979591836736,1.60,ORG,Fournisseur : NIKON VERR ...,https://www.france-optique.com/gravures/fournisseur=561
2298,Presio Master Yourlife Z FP Flex,https://si.france-optique.com/img/gravures/nasal/web_1872-MasterYourLife-5254.tif.jpg,Presio Master Yourlife Z FP Max,https://si.france-optique.com/img/gravures/nasal/web_1876-MasterYourLifeMAX-5254.tif.jpg,['o_courbebasse'],12.210884353741497,1.74,ORG,Fournisseur : NIKON VERR ...,https://www.france-optique.com/gravures/fournisseur=561
2299,Presio Master Yourlife Z FP Max,https://si.france-optique.com/img/gravures/nasal/web_1876-MasterYourLifeMAX-5254.tif.jpg,Presio Master Yourlife Z FP Max,https://si.france-optique.com/img/gravures/nasal/web_1876-MasterYourLifeMAX-5254.tif.jpg,['o_courbebasse'],16.448979591836736,1.74,ORG,Fournisseur : NIKON VERR ...,https://www.france-optique.com/gravures/fournisseur=561
2300,Presio Master Yourlife Z FP Prox,https://si.france-optique.com/img/gravures/nasal/web_1880-MasterYourLifePROX-5254.tif.jpg,Presio Master Yourlife Z FP Prox,https://si.france-optique.com/img/gravures/nasal/web_1880-MasterYourLifePROX-5254.tif.jpg,"['2', 'o_courbebasse']",16.448979591836736,1.74,ORG,Fournisseur : NIKON VERR ...,https://www.france-optique.com/gravures/fournisseur=561
2302,Presio Sports FP,https://si.france-optique.com/img/gravures/nasal/web_1928-nas-nikon-InfinitePower-FP3234.tif.jpg,SeeMax Sports AP,https://si.france-optique.com/img/gravures/nasal/web_1906-FP-N3.tif.jpg,"['M', 'A', 'N', 'k']",11.323979591836734,1.60,ORG,Fournisseur : NIKON VERR ...,https://www.france-optique.com/gravures/fournisseur=561
2303,Mediato Plus 1.6,https://si.france-optique.com/img/gravures/nasal/web_493-nas-bbgr-56.tif.jpg,Mediato Plus 1.6,https://si.france-optique.com/img/gravures/nasal/web_493-nas-bbgr-56.tif.jpg,"['E', 'epsilone', 'S']",16.58823529411765,1.6,ORG,Fournisseur : OPTIC 2000,https://www.france-optique.com/gravures/fournisseur=127
2304,Mediato Plus 1.67,https://si.france-optique.com/img/gravures/nasal/web_785-nas-optic2000-36.tif.jpg,Mediato Plus 1.67,https://si.france-optique.com/img/gravures/nasal/web_785-nas-optic2000-36.tif.jpg,"['X', 'P', 'S', 'T']",16.58823529411765,1.67,ORG,Fournisseur : OPTIC 2000,https://www.france-optique.com/gravures/fournisseur=127
2305,Mediato Plus Mini,https://si.france-optique.com/img/gravures/nasal/web_786-nas-optic2000-37.tif.jpg,Mediato Plus Mini,https://si.france-optique.com/img/gravures/nasal/web_786-nas-optic2000-37.tif.jpg,"['+', 'oeilprofil', '6', '7']",16.58823529411765,1.5,ORG,Fournisseur : OPTIC 2000,https://www.france-optique.com/gravures/fournisseur=127
2306,Mediato Plus Mini POLY,https://si.france-optique.com/img/gravures/nasal/web_787-nas-optic2000-38.tif.jpg,Mediato Plus Mini POLY,https://si.france-optique.com/img/gravures/nasal/web_787-nas-optic2000-38.tif.jpg,"['M', '1', 'l']",16.58823529411765,1.591,POLY,Fournisseur : OPTIC 2000,https://www.france-optique.com/gravures/fournisseur=127
2307,"Mediato Plus Mini 1,6",https://si.france-optique.com/img/gravures/nasal/web_788-nas-optic2000-39.tif.jpg,"Mediato Plus Mini 1,6",https://si.france-optique.com/img/gravures/nasal/web_788-nas-optic2000-39.tif.jpg,"['X', 'P', 'S', 'T']",16.58823529411765,1.6,ORG,Fournisseur : OPTIC 2000,https://www.france-optique.com/gravures/fournisseur=127
2308,"Mediato Plus Mini 1,67",https://si.france-optique.com/img/gravures/nasal/web_789-nas-optic2000-40.tif.jpg,Mediato Plus Mio 1.67,https://si.france-optique.com/img/gravures/nasal/web_482-nas-bbgr-45.tif.jpg,"['n', '1']",12.239398084815322,1.67,ORG,Fournisseur : OPTIC 2000,https://www.france-optique.com/gravures/fournisseur=127
2309,Mediato Plus Mio,https://si.france-optique.com/img/gravures/nasal/web_784-nas-optic2000-35.tif.jpg,Mediato Plus Mio,https://si.france-optique.com/img/gravures/nasal/web_784-nas-optic2000-35.tif.jpg,"['M', '1', 'l']",16.58823529411765,1.5,ORG,Fournisseur : OPTIC 2000,https://www.france-optique.com/gravures/fournisseur=127
2310,Mediato Plus Mio POLY,https://si.france-optique.com/img/gravures/nasal/web_480-nas-bbgr-43.tif.jpg,Mediato Plus Mini POLY,https://si.france-optique.com/img/gravures/nasal/web_787-nas-optic2000-38.tif.jpg,"['M', '1', 'l']",12.378932968536251,1.591,POLY,Fournisseur : OPTIC 2000,https://www.france-optique.com/gravures/fournisseur=127
2311,Mediato Plus Mio 1.6,https://si.france-optique.com/img/gravures/nasal/web_492-nas-bbgr-55.tif.jpg,Mediato Plus Mio 1.6,https://si.france-optique.com/img/gravures/nasal/web_492-nas-bbgr-55.tif.jpg,['o_courbebasse'],16.58823529411765,1.6,ORG,Fournisseur : OPTIC 2000,https://www.france-optique.com/gravures/fournisseur=127
2312,Mediato Plus Mio 1.67,https://si.france-optique.com/img/gravures/nasal/web_482-nas-bbgr-45.tif.jpg,Mediato Plus Mio 1.67,https://si.france-optique.com/img/gravures/nasal/web_482-nas-bbgr-45.tif.jpg,"['n', '1']",16.58823529411765,1.67,ORG,Fournisseur : OPTIC 2000,https://www.france-optique.com/gravures/fournisseur=127
2323,MyProg 3V 1.5,https://si.france-optique.com/img/gravures/nasal/web_1535-MyProg-3V-15.tif.jpg,MyProg 3V 1.5,https://si.france-optique.com/img/gravures/nasal/web_1535-MyProg-3V-15.tif.jpg,"['X', 'P', 'S']",16.58823529411765,1.5,ORG,Fournisseur : OPTIC 2000,https://www.france-optique.com/gravures/fournisseur=127
2324,MyProg 3V 1.6,https://si.france-optique.com/img/gravures/nasal/web_1536-MyProg-3V-16.tif.jpg,MyProg 3V 1.6,https://si.france-optique.com/img/gravures/nasal/web_1536-MyProg-3V-16.tif.jpg,"['X', 'P', 'S ']",16.58823529411765,1.6,ORG,Fournisseur : OPTIC 2000,https://www.france-optique.com/gravures/fournisseur=127
2325,MyProg 3V 1.67,https://si.france-optique.com/img/gravures/nasal/web_1538-MyProg-3V-167.tif.jpg,MyProg 3V 1.67,https://si.france-optique.com/img/gravures/nasal/web_1538-MyProg-3V-167.tif.jpg,"['+', 'oeilprofil']",16.58823529411765,1.67,ORG,Fournisseur : OPTIC 2000,https://www.france-optique.com/gravures/fournisseur=127
2326,MyProg 3V 1.74,https://si.france-optique.com/img/gravures/nasal/web_1539-MyProg-3V-174.tif.jpg,MyProg 3V 1.74,https://si.france-optique.com/img/gravures/nasal/web_1539-MyProg-3V-174.tif.jpg,"['D', '1', 'l']",16.58823529411765,1.74,ORG,Fournisseur : OPTIC 2000,https://www.france-optique.com/gravures/fournisseur=127
2327,MyProg 3V Poly,https://si.france-optique.com/img/gravures/nasal/web_1537-MyProg-3V-159.tif.jpg,MyProg 3V Poly,https://si.france-optique.com/img/gravures/nasal/web_1537-MyProg-3V-159.tif.jpg,"['+', 'oeilprofil', 'P']",16.58823529411765,1.59,POLY,Fournisseur : OPTIC 2000,https://www.france-optique.com/gravures/fournisseur=127
2398,NeoPerfect / NeoPerfect UV Clear / NeoPerfect Blue Clear / NeoPerfect Transitions TM Gen S® / NeoPerfect Transitions TM XTRActive® / NeoPerfect polarisant,https://si.france-optique.com/img/gravures/nasal/web_369-nas-novacel-34.tif.jpg,NeoPerfect / NeoPerfect UV Clear / NeoPerfect Blue Clear / NeoPerfect Transitions TM Gen S® / NeoPerfect Transitions TM XTRActive® / NeoPerfect polarisant,https://si.france-optique.com/img/gravures/nasal/web_369-nas-novacel-34.tif.jpg,"['W', 'W', 'W']",16.5,1.6,ORG,Fournisseur : NOVACEL,https://www.france-optique.com/gravures/fournisseur=711
2410,EDEN alpha / EDEN alpha UV Clear / EDEN alpha Blue Clear / EDEN alpha Transitions TM Gen S® / EDEN alpha Transitions TM XTRActive® / EDEN alpha polarisant / EDEN alpha polarisant dégradé,https://si.france-optique.com/img/gravures/nasal/web_356-nas-novacel-28.tif.jpg,EDEN alpha / EDEN alpha UV Clear / EDEN alpha Blue Clear / EDEN alpha Transitions TM Gen S® / EDEN alpha Transitions TM XTRActive® / EDEN alpha polarisant / EDEN alpha polarisant dégradé,https://si.france-optique.com/img/gravures/nasal/web_356-nas-novacel-28.tif.jpg,['triangle'],16.5,1.5,ORG,Fournisseur : NOVACEL,https://www.france-optique.com/gravures/fournisseur=711
2411,EDEN alpha Trivex® / EDEN alpha Trivex® Blue Clear / EDEN alpha Trivex® Transitions TM Gen S® / EDEN alpha Trivex® Transitions TM XTRActive® / EDEN alpha Trivex® polarisant,https://si.france-optique.com/img/gravures/nasal/web_1242-gravure nasale EDEN T.tif.jpg,EDEN alpha Trivex® / EDEN alpha Trivex® Blue Clear / EDEN alpha Trivex® Transitions TM Gen S® / EDEN alpha Trivex® Transitions TM XTRActive® / EDEN alpha Trivex® polarisant,https://si.france-optique.com/img/gravures/nasal/web_1242-gravure nasale EDEN T.tif.jpg,['triangle'],16.5,1.53,TVX,Fournisseur : NOVACEL,https://www.france-optique.com/gravures/fournisseur=711
2412,EDEN alpha / EDEN alpha Transitions TM Gen S® / EDEN alpha Transitions TM XTRActive® / EDEN alpha polarisant,https://si.france-optique.com/img/gravures/nasal/web_1241-gravure nasale EDEN P.tif.jpg,EDEN alpha / EDEN alpha Transitions TM Gen S® / EDEN alpha Transitions TM XTRActive® / EDEN alpha polarisant,https://si.france-optique.com/img/gravures/nasal/web_1241-gravure nasale EDEN P.tif.jpg,['carré'],16.5,1.59,POLY,Fournisseur : NOVACEL,https://www.france-optique.com/gravures/fournisseur=711
2413,EDEN alpha / EDEN alpha UV Clear / EDEN alpha Blue Clear / EDEN alpha Transitions TM Gen S® / EDEN alpha Transitions TM XTRActive® / EDEN alpha polarisant,https://si.france-optique.com/img/gravures/nasal/web_1238-gravure nasale EDEN 2.tif.jpg,EDEN alpha / EDEN alpha UV Clear / EDEN alpha Blue Clear / EDEN alpha Transitions TM Gen S® / EDEN alpha Transitions TM XTRActive® / EDEN alpha polarisant,https://si.france-optique.com/img/gravures/nasal/web_1238-gravure nasale EDEN 2.tif.jpg,['losange'],16.5,1.6,ORG,Fournisseur : NOVACEL,https://www.france-optique.com/gravures/fournisseur=711
2414,EDEN alpha / EDEN alpha Blue Clear / EDEN alpha Transitions TM Gen S® / EDEN alpha Transitions TM XTRActive® / EDEN alpha polarisant,https://si.france-optique.com/img/gravures/nasal/web_1239-gravure nasale EDEN 3.tif.jpg,EDEN alpha / EDEN alpha Blue Clear / EDEN alpha Transitions TM Gen S® / EDEN alpha Transitions TM XTRActive® / EDEN alpha polarisant,https://si.france-optique.com/img/gravures/nasal/web_1239-gravure nasale EDEN 3.tif.jpg,['carré'],16.5,1.67,ORG,Fournisseur : NOVACEL,https://www.france-optique.com/gravures/fournisseur=711
2415,EDEN alpha / EDEN alpha Blue Clear / EDEN alpha Transitions TM Gen S®,https://si.france-optique.com/img/gravures/nasal/web_1240-gravure nasale EDEN 4.tif.jpg,EDEN alpha / EDEN alpha Blue Clear / EDEN alpha Transitions TM Gen S®,https://si.france-optique.com/img/gravures/nasal/web_1240-gravure nasale EDEN 4.tif.jpg,['[sl'],16.5,1.74,ORG,Fournisseur : NOVACEL,https://www.france-optique.com/gravures/fournisseur=711
2422,SymbioZ SPORT / SymbioZ SPORT UV Clear / SymbioZ SPORT Transitions TM Gen S® / SymbioZ SPORT Transitions TM XTRActive® / SymbioZ SPORT polarisant / SymbioZ SPORT Drivewear® polarisant photochromique,https://si.france-optique.com/img/gravures/nasal/web_1062-nas-novacel-84.tif.jpg,SymbioZ SPORT / SymbioZ SPORT UV Clear / SymbioZ SPORT Transitions TM Gen S® / SymbioZ SPORT Transitions TM XTRActive® / SymbioZ SPORT polarisant / SymbioZ SPORT Drivewear® polarisant photochromique,https://si.france-optique.com/img/gravures/nasal/web_1062-nas-novacel-84.tif.jpg,['s_cercle'],16.5,1.5,ORG,Fournisseur : NOVACEL,https://www.france-optique.com/gravures/fournisseur=711
2423,SymbioZ SPORT Trivex® / SymbioZ SPORT Trivex® Transitions TM Gen S® / SymbioZ SPORT Trivex® Transitions TM XTRActive® / SymbioZ SPORT polarisant,https://si.france-optique.com/img/gravures/nasal/web_1063-nas-novacel-85.tif.jpg,SymbioZ SPORT Trivex® / SymbioZ SPORT Trivex® Transitions TM Gen S® / SymbioZ SPORT Trivex® Transitions TM XTRActive® / SymbioZ SPORT polarisant,https://si.france-optique.com/img/gravures/nasal/web_1063-nas-novacel-85.tif.jpg,['losange'],16.5,1.53,TVX,Fournisseur : NOVACEL,https://www.france-optique.com/gravures/fournisseur=711
2424,SymbioZ SPORT / SymbioZ SPORT Transitions TM Gen S® / SymbioZ SPORT Transitions TM XTRActive® / SymbioZ SPORT polarisant / SymbioZ SPORT Drivewear® polarisant photochromique,https://si.france-optique.com/img/gravures/nasal/web_1064-nas-novacel-86.tif.jpg,SymbioZ SPORT / SymbioZ SPORT Transitions TM Gen S® / SymbioZ SPORT Transitions TM XTRActive® / SymbioZ SPORT polarisant / SymbioZ SPORT Drivewear® polarisant photochromique,https://si.france-optique.com/img/gravures/nasal/web_1064-nas-novacel-86.tif.jpg,['triangle'],16.5,1.59,POLY,Fournisseur : NOVACEL,https://www.france-optique.com/gravures/fournisseur=711
2425,SymbioZ SPORT / SymbioZ SPORT UV Clear / SymbioZ SPORT Transitions TM Gen S® / SymbioZ SPORT Transitions TM XTRActive® / SymbioZ SPORT polarisant,https://si.france-optique.com/img/gravures/nasal/web_1067-nas-novacel-89.tif.jpg,SymbioZ SPORT / SymbioZ SPORT UV Clear / SymbioZ SPORT Transitions TM Gen S® / SymbioZ SPORT Transitions TM XTRActive® / SymbioZ SPORT polarisant,https://si.france-optique.com/img/gravures/nasal/web_1067-nas-novacel-89.tif.jpg,"['l', 'triangle']",16.5,1.6,ORG,Fournisseur : NOVACEL,https://www.france-optique.com/gravures/fournisseur=711
2426,SymbioZ SPORT / SymbioZ SPORT Transitions TM Gen S® / SymbioZ SPORT Transitions TM XTRActive® / SymbioZ SPORT polarisant,https://si.france-optique.com/img/gravures/nasal/web_1066-nas-novacel-88.tif.jpg,SymbioZ SPORT / SymbioZ SPORT Transitions TM Gen S® / SymbioZ SPORT Transitions TM XTRActive® / SymbioZ SPORT polarisant,https://si.france-optique.com/img/gravures/nasal/web_1066-nas-novacel-88.tif.jpg,"['V', '4', 'l']",16.5,1.67,ORG,Fournisseur : NOVACEL,https://www.france-optique.com/gravures/fournisseur=711
2427,SymbioZ SPORT / SymbioZ SPORT Transitions TM Gen S®,https://si.france-optique.com/img/gravures/nasal/web_1065-nas-novacel-87.tif.jpg,SymbioZ SPORT / SymbioZ SPORT Transitions TM Gen S®,https://si.france-optique.com/img/gravures/nasal/web_1065-nas-novacel-87.tif.jpg,"['A', 'omega', 'N', 'k', '6', '7']",16.5,1.74,ORG,Fournisseur : NOVACEL,https://www.france-optique.com/gravures/fournisseur=711
2443,SYNCHRONA Kids / SYNCHRONA Kids Blue Clear / SYNCHRONA Kids polarisant,https://si.france-optique.com/img/gravures/nasal/web_1037-nas-novacel-62.tif.jpg,SYNCHRONA Kids / SYNCHRONA Kids Blue Clear / SYNCHRONA Kids polarisant,https://si.france-optique.com/img/gravures/nasal/web_1037-nas-novacel-62.tif.jpg,"['P', 'Z', 'N', '1', '2', '/', 'N', '1', '4']",16.5,1.67,ORG,Fournisseur : NOVACEL,https://www.france-optique.com/gravures/fournisseur=711
2444,SYNCHRONA Kids Trivex® / SYNCHRONA Kids Trivex® Blue Clear / SYNCHRONA Kids Trivex® polarisant,https://si.france-optique.com/img/gravures/nasal/web_1041-nas-novacel-66.tif.jpg,SYNCHRONA Kids Trivex® / SYNCHRONA Kids Trivex® Blue Clear / SYNCHRONA Kids Trivex® polarisant,https://si.france-optique.com/img/gravures/nasal/web_1041-nas-novacel-66.tif.jpg,"['P', 'oeil_a']",16.5,1.53,TVX,Fournisseur : NOVACEL,https://www.france-optique.com/gravures/fournisseur=711
2445,SYNCHRONA Kids / SYNCHRONA Kids polarisant,https://si.france-optique.com/img/gravures/nasal/web_1040-nas-novacel-65.tif.jpg,SYNCHRONA Kids / SYNCHRONA Kids polarisant,https://si.france-optique.com/img/gravures/nasal/web_1040-nas-novacel-65.tif.jpg,"['2', 'oeil_a']",16.5,1.59,POLY,Fournisseur : NOVACEL,https://www.france-optique.com/gravures/fournisseur=711
2446,SYNCHRONA Kids - SYNCHRONA Kids Blue Clear,https://si.france-optique.com/img/gravures/nasal/web_1038-nas-novacel-63.tif.jpg,SYNCHRONA Kids - SYNCHRONA Kids Blue Clear,https://si.france-optique.com/img/gravures/nasal/web_1038-nas-novacel-63.tif.jpg,['triangle'],16.5,1.74,ORG,Fournisseur : NOVACEL,https://www.france-optique.com/gravures/fournisseur=711
2462,I.M.S Micros Transitions TM Gen S®,https://si.france-optique.com/img/gravures/nasal/web_369-nas-novacel-34.tif.jpg,I.M.S Micros Transitions TM Gen S®,https://si.france-optique.com/img/gravures/nasal/web_369-nas-novacel-34.tif.jpg,"['V', '1', 'l']",16.5,1.5,ORG,Fournisseur : NOVACEL,https://www.france-optique.com/gravures/fournisseur=711
2635,EPSY 167 Transitions GEN8,https://si.france-optique.com/img/gravures/nasal/web_852-oph-com_2019.tif.jpg,EPSY 167 Transitions GEN8,https://si.france-optique.com/img/gravures/nasal/web_852-oph-com_2019.tif.jpg,['triangle'],16.425531914893618,1.67,ORG,Fournisseur : OPHTALMIC  ...,https://www.france-optique.com/gravures/fournisseur=2395
2636,EPSY 160 Transitions GEN8,https://si.france-optique.com/img/gravures/nasal/web_852-oph-com_2019.tif.jpg,EPSY 160 Transitions GEN8,https://si.france-optique.com/img/gravures/nasal/web_852-oph-com_2019.tif.jpg,"['balance', '6', '7']",16.425531914893618,1.60,ORG,Fournisseur : OPHTALMIC  ...,https://www.france-optique.com/gravures/fournisseur=2395
2637,EPSY Poly Transitions GEN8,https://si.france-optique.com/img/gravures/nasal/web_852-oph-com_2019.tif.jpg,EPSY Poly Transitions GEN8,https://si.france-optique.com/img/gravures/nasal/web_852-oph-com_2019.tif.jpg,['triangle'],16.425531914893618,1.59,POLY,Fournisseur : OPHTALMIC  ...,https://www.france-optique.com/gravures/fournisseur=2395
2638,EPSY 150 Transitions GEN8,https://si.france-optique.com/img/gravures/nasal/web_852-oph-com_2019.tif.jpg,EPSY 150 Transitions GEN8,https://si.france-optique.com/img/gravures/nasal/web_852-oph-com_2019.tif.jpg,['N'],16.425531914893618,1.50,ORG,Fournisseur : OPHTALMIC  ...,https://www.france-optique.com/gravures/fournisseur=2395
2693,EASY IN'CONNECT TAB Blue Clear / EASY IN'CONNECT TAB Transitions TM Gen S® / EASY IN'CONNECT TAB Transitions TM XTRActive®,https://si.france-optique.com/img/gravures/nasal/web_1074-nas-novacel-95.tif.jpg,EASY IN'CONNECT TAB Blue Clear / EASY IN'CONNECT TAB Transitions TM Gen S® / EASY IN'CONNECT TAB Transitions TM XTRActive®,https://si.france-optique.com/img/gravures/nasal/web_1074-nas-novacel-95.tif.jpg,"['S', 'P', 'P']",16.5,1.67,ORG,Fournisseur : NOVACEL,https://www.france-optique.com/gravures/fournisseur=711
2694,EASY IN'CONNECT PC Blue Clear / EASY IN'CONNECT PC Transitions TM Gen S® /  EASY IN'CONNECT PC Transitions TM XTRActive®,https://si.france-optique.com/img/gravures/nasal/web_1075-nas-novacel-97.tif.jpg,EASY IN'CONNECT PC Blue Clear / EASY IN'CONNECT PC Transitions TM Gen S® /  EASY IN'CONNECT PC Transitions TM XTRActive®,https://si.france-optique.com/img/gravures/nasal/web_1075-nas-novacel-97.tif.jpg,['ordi'],16.5,1.67,ORG,Fournisseur : NOVACEL,https://www.france-optique.com/gravures/fournisseur=711
2695,EASY IN'CONNECT TV Blue Clear / EASY IN'CONNECT TV Transitions TM Gen S® / EASY IN'CONNECT TV Transitions TM XTRActive,https://si.france-optique.com/img/gravures/nasal/web_1077-nas-novacel-99.tif.jpg,EASY IN'CONNECT TV Blue Clear / EASY IN'CONNECT TV Transitions TM Gen S® / EASY IN'CONNECT TV Transitions TM XTRActive,https://si.france-optique.com/img/gravures/nasal/web_1077-nas-novacel-99.tif.jpg,"['neo', 'N', '3']",16.5,1.67,ORG,Fournisseur : NOVACEL,https://www.france-optique.com/gravures/fournisseur=711
2702,NeoPerfect / NeoPerfect UV Clear / NeoPerfect Blue Clear / NeoPerfect Transitions TM Gen S® / NeoPerfect Transitions TM XTRActive® / NeoPerfect polarisant / NeoPerfect polarisant dégradé / NeoPerfect Drivewear® polarisant photochromique,https://si.france-optique.com/img/gravures/nasal/web_369-nas-novacel-34.tif.jpg,NeoPerfect / NeoPerfect UV Clear / NeoPerfect Blue Clear / NeoPerfect Transitions TM Gen S® / NeoPerfect Transitions TM XTRActive® / NeoPerfect polarisant / NeoPerfect polarisant dégradé / NeoPerfect Drivewear® polarisant photochromique,https://si.france-optique.com/img/gravures/nasal/web_369-nas-novacel-34.tif.jpg,"['S', 'P']",16.5,1.5,ORG,Fournisseur : NOVACEL,https://www.france-optique.com/gravures/fournisseur=711
2703,NeoPerfect Trivex® / NeoPerfect Trivex® Blue Clear / NeoPerfect Trivex® Transitions TM Gen S® / NeoPerfect Trivex® Transitions TM XTRActive® / NeoPerfect Trivex® polarisant,https://si.france-optique.com/img/gravures/nasal/web_369-nas-novacel-34.tif.jpg,NeoPerfect Trivex® / NeoPerfect Trivex® Blue Clear / NeoPerfect Trivex® Transitions TM Gen S® / NeoPerfect Trivex® Transitions TM XTRActive® / NeoPerfect Trivex® polarisant,https://si.france-optique.com/img/gravures/nasal/web_369-nas-novacel-34.tif.jpg,"['+', 'oeilprofil', '6']",16.5,1.53,TVX,Fournisseur : NOVACEL,https://www.france-optique.com/gravures/fournisseur=711
2704,NeoPerfect / NeoPerfect Transitions TM Gen S® / NeoPerfect Trivex® Transitions TM XTRActive® / NeoPerfect polarisant / NeoPerfect Drivewear® polarisant photochromique,https://si.france-optique.com/img/gravures/nasal/web_369-nas-novacel-34.tif.jpg,NeoPerfect SPORT / NeoPerfect SPORT Transitions TM Gen S® / NeoPerfect SPORT Transitions TM XTRActive® / NeoPerfect SPORT polarisant / NeoPerfect SPORT Drivewear® polarisant photochromique,https://si.france-optique.com/img/gravures/nasal/web_369-nas-novacel-34.tif.jpg,"['2', 'o_courbebasse']",16.21186440677966,1.59,POLY,Fournisseur : NOVACEL,https://www.france-optique.com/gravures/fournisseur=711
2705,NeoPerfect / NeoPerfect Blue Clear / NeoPerfect Transitions TM Gen S® / NeoPerfect Transitions TM XTRActive® / NeoPerfect polarisant,https://si.france-optique.com/img/gravures/nasal/web_369-nas-novacel-34.tif.jpg,NeoPerfect / NeoPerfect Blue Clear / NeoPerfect Transitions TM Gen S® / NeoPerfect Transitions TM XTRActive® / NeoPerfect polarisant,https://si.france-optique.com/img/gravures/nasal/web_369-nas-novacel-34.tif.jpg,"['X', 'P', 'S', 'T']",16.5,1.67,ORG,Fournisseur : NOVACEL,https://www.france-optique.com/gravures/fournisseur=711
2706,NeoPerfect / NeoPerfect Blue Clear / NeoPerfect Transitions TM Gen S®,https://si.france-optique.com/img/gravures/nasal/web_369-nas-novacel-34.tif.jpg,NeoPerfect ZEN / NeoPerfect ZEN Blue Clear  / NeoPerfect ZEN Transitions TM Gen S®,https://si.france-optique.com/img/gravures/nasal/web_369-nas-novacel-34.tif.jpg,"['D', '3', 'l']",16.241721854304636,1.74,ORG,Fournisseur : NOVACEL,https://www.france-optique.com/gravures/fournisseur=711
2707,NeoPerfect ZEN/  NeoPerfect ZEN UV Clear / NeoPerfect ZEN Blue Clear / NeoPerfect ZEN Transitions TM Gen S® / NeoPerfect ZEN Transitions TM XTRActive®,https://si.france-optique.com/img/gravures/nasal/web_369-nas-novacel-34.tif.jpg,NeoPerfect ZEN/  NeoPerfect ZEN UV Clear / NeoPerfect ZEN Blue Clear / NeoPerfect ZEN Transitions TM Gen S® / NeoPerfect ZEN Transitions TM XTRActive®,https://si.france-optique.com/img/gravures/nasal/web_369-nas-novacel-34.tif.jpg,"['+', 'oeilprofil', 'M']",16.5,1.5,ORG,Fournisseur : NOVACEL,https://www.france-optique.com/gravures/fournisseur=711
2708,NeoPerfect ZEN Trivex® / NeoPerfect ZEN Trivex® Blue Clear / NeoPerfect ZEN Trivex® Transitions TM Gen S® / NeoPerfect ZEN Trivex® Transitions TM XTRActive®,https://si.france-optique.com/img/gravures/nasal/web_369-nas-novacel-34.tif.jpg,NeoPerfect ZEN Trivex® / NeoPerfect ZEN Trivex® Blue Clear / NeoPerfect ZEN Trivex® Transitions TM Gen S® / NeoPerfect ZEN Trivex® Transitions TM XTRActive®,https://si.france-optique.com/img/gravures/nasal/web_369-nas-novacel-34.tif.jpg,"['M', '1', 'l']",16.5,1.53,TVX,Fournisseur : NOVACEL,https://www.france-optique.com/gravures/fournisseur=711
2709,NeoPerfect ZEN / NeoPerfect ZEN Transitions TM Gen S® / NeoPerfect ZEN Transitions TM XTRActive®,https://si.france-optique.com/img/gravures/nasal/web_369-nas-novacel-34.tif.jpg,NeoPerfect ZEN / NeoPerfect ZEN Transitions TM Gen S® / NeoPerfect ZEN Transitions TM XTRActive®,https://si.france-optique.com/img/gravures/nasal/web_369-nas-novacel-34.tif.jpg,"['+', 'oeilprofil', 'M', 'P']",16.5,1.59,POLY,Fournisseur : NOVACEL,https://www.france-optique.com/gravures/fournisseur=711
2710,NeoPerfect ZEN / NeoPerfect ZEN Blue Clear / NeoPerfect ZEN Transitions TM Gen S® / NeoPerfect ZEN Transitions TM XTRActive®,https://si.france-optique.com/img/gravures/nasal/web_369-nas-novacel-34.tif.jpg,NeoPerfect ZEN / NeoPerfect ZEN Blue Clear / NeoPerfect ZEN Transitions TM Gen S® / NeoPerfect ZEN Transitions TM XTRActive®,https://si.france-optique.com/img/gravures/nasal/web_369-nas-novacel-34.tif.jpg,"['neo', 'N', '5']",16.5,1.67,ORG,Fournisseur : NOVACEL,https://www.france-optique.com/gravures/fournisseur=711
2711,NeoPerfect ZEN / NeoPerfect ZEN Blue Clear  / NeoPerfect ZEN Transitions TM Gen S®,https://si.france-optique.com/img/gravures/nasal/web_369-nas-novacel-34.tif.jpg,NeoPerfect ZEN / NeoPerfect ZEN Blue Clear  / NeoPerfect ZEN Transitions TM Gen S®,https://si.france-optique.com/img/gravures/nasal/web_369-nas-novacel-34.tif.jpg,"['D', '3', 'l']",16.5,1.74,ORG,Fournisseur : NOVACEL,https://www.france-optique.com/gravures/fournisseur=711
2712,NeoPerfect SPORT / NeoPerfect SPORT UV Clear / NeoPerfect SPORT Transitions TM Gen S® / NeoPerfect SPORT Transitions TM XTRActive® / NeoPerfect SPORT polarisant / NeoPerfect SPORT Drivewear® polarisant photochromique,https://si.france-optique.com/img/gravures/nasal/web_369-nas-novacel-34.tif.jpg,NeoPerfect SPORT / NeoPerfect SPORT UV Clear / NeoPerfect SPORT Transitions TM Gen S® / NeoPerfect SPORT Transitions TM XTRActive® / NeoPerfect SPORT polarisant / NeoPerfect SPORT Drivewear® polarisant photochromique,https://si.france-optique.com/img/gravures/nasal/web_369-nas-novacel-34.tif.jpg,"['V', 'X', 'P']",16.5,1.5,ORG,Fournisseur : NOVACEL,https://www.france-optique.com/gravures/fournisseur=711
2713,NeoPerfect SPORT Trivex® / NeoPerfect SPORT Trivex® Transitions TM Gen S® / NeoPerfect SPORT Trivex® Transitions TM XTRActive® / NeoPerfect SPORT Trivex® polarisant,https://si.france-optique.com/img/gravures/nasal/web_369-nas-novacel-34.tif.jpg,NeoPerfect SPORT Trivex® / NeoPerfect SPORT Trivex® Transitions TM Gen S® / NeoPerfect SPORT Trivex® Transitions TM XTRActive® / NeoPerfect SPORT Trivex® polarisant,https://si.france-optique.com/img/gravures/nasal/web_369-nas-novacel-34.tif.jpg,"['X', 'P', 'S ']",16.5,1.53,TVX,Fournisseur : NOVACEL,https://www.france-optique.com/gravures/fournisseur=711
2714,NeoPerfect SPORT / NeoPerfect SPORT Transitions TM Gen S® / NeoPerfect SPORT Transitions TM XTRActive® / NeoPerfect SPORT polarisant / NeoPerfect SPORT Drivewear® polarisant photochromique,https://si.france-optique.com/img/gravures/nasal/web_369-nas-novacel-34.tif.jpg,NeoPerfect SPORT / NeoPerfect SPORT Transitions TM Gen S® / NeoPerfect SPORT Transitions TM XTRActive® / NeoPerfect SPORT polarisant / NeoPerfect SPORT Drivewear® polarisant photochromique,https://si.france-optique.com/img/gravures/nasal/web_369-nas-novacel-34.tif.jpg,"['2', 'o_courbebasse']",16.5,1.59,POLY,Fournisseur : NOVACEL,https://www.france-optique.com/gravures/fournisseur=711
2715,NeoPerfect SPORT / NeoPerfect SPORT UV Clear / NeoPerfect SPORT Transitions TM Gen S® / NeoPerfect SPORT Transitions TM XTRActive® / NeoPerfect SPORT polarisant,https://si.france-optique.com/img/gravures/nasal/web_369-nas-novacel-34.tif.jpg,NeoPerfect SPORT / NeoPerfect SPORT UV Clear / NeoPerfect SPORT Transitions TM Gen S® / NeoPerfect SPORT Transitions TM XTRActive® / NeoPerfect SPORT polarisant,https://si.france-optique.com/img/gravures/nasal/web_369-nas-novacel-34.tif.jpg,"['D', '1', 'l']",16.5,1.6,ORG,Fournisseur : NOVACEL,https://www.france-optique.com/gravures/fournisseur=711
2716,NeoPerfect SPORT / NeoPerfect SPORT Transitions TM Gen S® / NeoPerfect SPORT Transitions TM XTRActive® / NeoPerfect SPORT polarisant,https://si.france-optique.com/img/gravures/nasal/web_369-nas-novacel-34.tif.jpg,NeoPerfect SPORT / NeoPerfect SPORT Transitions TM Gen S® / NeoPerfect SPORT Transitions TM XTRActive® / NeoPerfect SPORT polarisant,https://si.france-optique.com/img/gravures/nasal/web_369-nas-novacel-34.tif.jpg,"['2', 'o_courbebasse']",16.5,1.67,ORG,Fournisseur : NOVACEL,https://www.france-optique.com/gravures/fournisseur=711
2717,NeoPerfect SPORT - NeoPerfect SPORT Transitions TM Gen S®,https://si.france-optique.com/img/gravures/nasal/web_369-nas-novacel-34.tif.jpg,NeoPerfect SPORT - NeoPerfect SPORT Transitions TM Gen S®,https://si.france-optique.com/img/gravures/nasal/web_369-nas-novacel-34.tif.jpg,"['D', '1', 'l']",16.5,1.74,ORG,Fournisseur : NOVACEL,https://www.france-optique.com/gravures/fournisseur=711
2718,Fraglens Emotion,https://si.france-optique.com/img/gravures/nasal/web_1061-nas-novacel-83.tif.jpg,Fraglens Emotion,https://si.france-optique.com/img/gravures/nasal/web_1061-nas-novacel-83.tif.jpg,"['+', 'oeilprofil', '7', '4']",16.5,1.6,ORG,Fournisseur : NOVACEL,https://www.france-optique.com/gravures/fournisseur=711
2719,Fraglens Sensation,https://si.france-optique.com/img/gravures/nasal/web_1061-nas-novacel-83.tif.jpg,Fraglens Sensation,https://si.france-optique.com/img/gravures/nasal/web_1061-nas-novacel-83.tif.jpg,"['3', 'o_courbasse']",16.5,1.6,ORG,Fournisseur : NOVACEL,https://www.france-optique.com/gravures/fournisseur=711
