id,source_url,nom_verre,gravure_nasale,indice_verre,materiaux,fournisseur
1955,https://www.france-optique.com/gravures/fournisseur=1838,INTEGRAL ou INTEGRAL IP 1.50 + Transitions,https://si.france-optique.com/img/gravures/nasal/web_94-nas-mont-royal-01.tif.jpg,1.5,ORG,Fournisseur : MONT-ROYAL
1956,https://www.france-optique.com/gravures/fournisseur=1838,INTEGRAL ou INTEGRAL IP 1.60 + Transitions,https://si.france-optique.com/img/gravures/nasal/web_94-nas-mont-royal-01.tif.jpg,1.6,ORG,Fournisseur : MONT-ROYAL
1957,https://www.france-optique.com/gravures/fournisseur=1838,INTEGRAL ou INTEGRAL IP 1.67 + Transitions,https://si.france-optique.com/img/gravures/nasal/web_94-nas-mont-royal-01.tif.jpg,1.67,ORG,Fournisseur : MONT-ROYAL
1958,https://www.france-optique.com/gravures/fournisseur=1838,"INTEGRAL 1,74",https://si.france-optique.com/img/gravures/nasal/web_94-nas-mont-royal-01.tif.jpg,1.74,ORG,Fournisseur : MONT-ROYAL
1959,https://www.france-optique.com/gravures/fournisseur=1838,ULTRA HD TEK 1.50 & ULTRA HD TEK IP 1.50 + Transitions,https://si.france-optique.com/img/gravures/nasal/web_95-nas-mont-royal-02.tif.jpg,1.5,ORG,Fournisseur : MONT-ROYAL
1960,https://www.france-optique.com/gravures/fournisseur=1838,ULTRA HD TEK 1.60 & ULTRA HD TEK IP 1.60 + Transitions,https://si.france-optique.com/img/gravures/nasal/web_95-nas-mont-royal-02.tif.jpg,1.6,ORG,Fournisseur : MONT-ROYAL
1961,https://www.france-optique.com/gravures/fournisseur=1838,ULTRA HD TEK 1.67  & ULTRA HD TEK IP 1.67 + Transitions,https://si.france-optique.com/img/gravures/nasal/web_95-nas-mont-royal-02.tif.jpg,1.67,ORG,Fournisseur : MONT-ROYAL
1962,https://www.france-optique.com/gravures/fournisseur=1838,ULTRA HD TEK 1.74,https://si.france-optique.com/img/gravures/nasal/web_95-nas-mont-royal-02.tif.jpg,1.74,ORG,Fournisseur : MONT-ROYAL
1963,https://www.france-optique.com/gravures/fournisseur=1838,ULTRA HD Short TEK 1.50 & ULTRA HD Short TEK  IP 1.50 + Transitions,https://si.france-optique.com/img/gravures/nasal/web_95-nas-mont-royal-02.tif.jpg,1.5,ORG,Fournisseur : MONT-ROYAL
1964,https://www.france-optique.com/gravures/fournisseur=1838,ULTRA HD Short TEK 1.60 & ULTRA HD Short TEK IP 1.60 + Transitions,https://si.france-optique.com/img/gravures/nasal/web_95-nas-mont-royal-02.tif.jpg,1.6,ORG,Fournisseur : MONT-ROYAL
1965,https://www.france-optique.com/gravures/fournisseur=1838,ULTRA HD Short TEK 1.67 & ULTRA HD Short TEK IP 1.67 + Transitions,https://si.france-optique.com/img/gravures/nasal/web_95-nas-mont-royal-02.tif.jpg,1.67,ORG,Fournisseur : MONT-ROYAL
1966,https://www.france-optique.com/gravures/fournisseur=1838,ULTRA HD Short TEK 1.74,https://si.france-optique.com/img/gravures/nasal/web_95-nas-mont-royal-02.tif.jpg,1.74,ORG,Fournisseur : MONT-ROYAL
1967,https://www.france-optique.com/gravures/fournisseur=1838,ULTRA HD 1.50 & ULTRA HD IP 1.50 + Transitions,https://si.france-optique.com/img/gravures/nasal/web_96-nas-mont-royal-03.tif.jpg,1.5,ORG,Fournisseur : MONT-ROYAL
1968,https://www.france-optique.com/gravures/fournisseur=1838,ULTRA HD 1.60 + ULTRA HD IP 1.60 + Transitions,https://si.france-optique.com/img/gravures/nasal/web_96-nas-mont-royal-03.tif.jpg,1.60,ORG,Fournisseur : MONT-ROYAL
1969,https://www.france-optique.com/gravures/fournisseur=1838,ULTRA HD 1.67 + ULTRA HD IP 1.67 + Transitions,https://si.france-optique.com/img/gravures/nasal/web_96-nas-mont-royal-03.tif.jpg,1.67,ORG,Fournisseur : MONT-ROYAL
1970,https://www.france-optique.com/gravures/fournisseur=1838,ULTRA HD 1.74,https://si.france-optique.com/img/gravures/nasal/web_96-nas-mont-royal-03.tif.jpg,1.74,ORG,Fournisseur : MONT-ROYAL
1971,https://www.france-optique.com/gravures/fournisseur=1838,ULTRA HD Short 1.50 & ULTRA HD Short IP 1.50 + Transitions,https://si.france-optique.com/img/gravures/nasal/web_96-nas-mont-royal-03.tif.jpg,1.5,ORG,Fournisseur : MONT-ROYAL
1972,https://www.france-optique.com/gravures/fournisseur=1838,ULTRA HD Short 1.60 & ULTRA HD Short IP 1.60 + Transitions,https://si.france-optique.com/img/gravures/nasal/web_96-nas-mont-royal-03.tif.jpg,1.6,ORG,Fournisseur : MONT-ROYAL
1973,https://www.france-optique.com/gravures/fournisseur=1838,ULTRA HD Short 1.67 & ULTRA HD Short IP 1.67 + Transitions,https://si.france-optique.com/img/gravures/nasal/web_96-nas-mont-royal-03.tif.jpg,1.67,ORG,Fournisseur : MONT-ROYAL
1974,https://www.france-optique.com/gravures/fournisseur=1838,ULTRA HD Short 1.74,https://si.france-optique.com/img/gravures/nasal/web_96-nas-mont-royal-03.tif.jpg,1.74,ORG,Fournisseur : MONT-ROYAL
1975,https://www.france-optique.com/gravures/fournisseur=1838,NATURAL 1.50 & NATURAL  IP 1.50  + Transitions,https://si.france-optique.com/img/gravures/nasal/web_97-nas-mont-royal-04.tif.jpg,1.5,ORG,Fournisseur : MONT-ROYAL
2126,https://www.france-optique.com/gravures/fournisseur=2395,EPSY 167,https://si.france-optique.com/img/gravures/nasal/web_852-oph-com_2019.tif.jpg,1.67,ORG,Fournisseur : OPHTALMIC  ...
2127,https://www.france-optique.com/gravures/fournisseur=2395,EPSY 167 Cozylens,https://si.france-optique.com/img/gravures/nasal/web_852-oph-com_2019.tif.jpg,1.67,ORG,Fournisseur : OPHTALMIC  ...
2128,https://www.france-optique.com/gravures/fournisseur=2395,EPSY 167 Sunlite,https://si.france-optique.com/img/gravures/nasal/web_852-oph-com_2019.tif.jpg,1.67,ORG,Fournisseur : OPHTALMIC  ...
2129,https://www.france-optique.com/gravures/fournisseur=2395,EPSY 160,https://si.france-optique.com/img/gravures/nasal/web_852-oph-com_2019.tif.jpg,1.60,ORG,Fournisseur : OPHTALMIC  ...
2130,https://www.france-optique.com/gravures/fournisseur=2395,EPSY 160 Cozylens,https://si.france-optique.com/img/gravures/nasal/web_852-oph-com_2019.tif.jpg,1.60,ORG,Fournisseur : OPHTALMIC  ...
2131,https://www.france-optique.com/gravures/fournisseur=2395,EPSY 160 Sunlite,https://si.france-optique.com/img/gravures/nasal/web_852-oph-com_2019.tif.jpg,1.60,ORG,Fournisseur : OPHTALMIC  ...
2132,https://www.france-optique.com/gravures/fournisseur=2395,EPSY 160 Sun,https://si.france-optique.com/img/gravures/nasal/web_852-oph-com_2019.tif.jpg,1.60,ORG,Fournisseur : OPHTALMIC  ...
2133,https://www.france-optique.com/gravures/fournisseur=2395,EPSY 160 PolarPlus,https://si.france-optique.com/img/gravures/nasal/web_852-oph-com_2019.tif.jpg,1.60,ORG,Fournisseur : OPHTALMIC  ...
2134,https://www.france-optique.com/gravures/fournisseur=2395,EPSY POLY,https://si.france-optique.com/img/gravures/nasal/web_852-oph-com_2019.tif.jpg,1.59,POLY,Fournisseur : OPHTALMIC  ...
2135,https://www.france-optique.com/gravures/fournisseur=2395,EPSY 150,https://si.france-optique.com/img/gravures/nasal/web_852-oph-com_2019.tif.jpg,1.50,ORG,Fournisseur : OPHTALMIC  ...
2136,https://www.france-optique.com/gravures/fournisseur=2395,EPSY 154 Sunlite,https://si.france-optique.com/img/gravures/nasal/web_852-oph-com_2019.tif.jpg,1.54,ORG,Fournisseur : OPHTALMIC  ...
2137,https://www.france-optique.com/gravures/fournisseur=2395,EPSY 150 Cozylens,https://si.france-optique.com/img/gravures/nasal/web_852-oph-com_2019.tif.jpg,1.50,ORG,Fournisseur : OPHTALMIC  ...
2138,https://www.france-optique.com/gravures/fournisseur=2395,EPSY 150 Sun,https://si.france-optique.com/img/gravures/nasal/web_852-oph-com_2019.tif.jpg,1.50,ORG,Fournisseur : OPHTALMIC  ...
2139,https://www.france-optique.com/gravures/fournisseur=2395,EPSY 150 PolarPlus,https://si.france-optique.com/img/gravures/nasal/web_852-oph-com_2019.tif.jpg,1.50,ORG,Fournisseur : OPHTALMIC  ...
2141,https://www.france-optique.com/gravures/fournisseur=2395,EPSY 174,https://si.france-optique.com/img/gravures/nasal/web_852-oph-com_2019.tif.jpg,1.74,ORG,Fournisseur : OPHTALMIC  ...
2145,https://www.france-optique.com/gravures/fournisseur=1838,NATURAL 1.60 + NATURAL IP 1.60 + Transitions,https://si.france-optique.com/img/gravures/nasal/web_97-nas-mont-royal-04.tif.jpg,1.6,ORG,Fournisseur : MONT-ROYAL
2146,https://www.france-optique.com/gravures/fournisseur=1838,NATURAL 1.67 + NATURAL IP 1.67 + Transitions,https://si.france-optique.com/img/gravures/nasal/web_97-nas-mont-royal-04.tif.jpg,1.67,ORG,Fournisseur : MONT-ROYAL
2147,https://www.france-optique.com/gravures/fournisseur=1838,NATURAL 1.74,https://si.france-optique.com/img/gravures/nasal/web_97-nas-mont-royal-04.tif.jpg,1.74,ORG,Fournisseur : MONT-ROYAL
2148,https://www.france-optique.com/gravures/fournisseur=1838,NATURAL Short 1.5 & NATURAL Short IP 1.5  + Transitions,https://si.france-optique.com/img/gravures/nasal/web_97-nas-mont-royal-04.tif.jpg,1.5,ORG,Fournisseur : MONT-ROYAL
2149,https://www.france-optique.com/gravures/fournisseur=1838,NATURAL Short 1.60 & NATURAL Short IP 1.60 + Transitions,https://si.france-optique.com/img/gravures/nasal/web_97-nas-mont-royal-04.tif.jpg,1.6,ORG,Fournisseur : MONT-ROYAL
2150,https://www.france-optique.com/gravures/fournisseur=1838,NATURAL Short 1.67 & NATURAL Short IP 1.67 + Transitions,https://si.france-optique.com/img/gravures/nasal/web_97-nas-mont-royal-04.tif.jpg,1.67,ORG,Fournisseur : MONT-ROYAL
2151,https://www.france-optique.com/gravures/fournisseur=1838,NATURAL Short 1.74,https://si.france-optique.com/img/gravures/nasal/web_97-nas-mont-royal-04.tif.jpg,1.74,ORG,Fournisseur : MONT-ROYAL
2152,https://www.france-optique.com/gravures/fournisseur=1838,Excellence Conduite HD 1.50 + Transitions,https://si.france-optique.com/img/gravures/nasal/web_98-nas-mont-royal-05.tif.jpg,1.5,ORG,Fournisseur : MONT-ROYAL
2153,https://www.france-optique.com/gravures/fournisseur=1838,Excellence Conduite Polix 1.59 + Transitions,https://si.france-optique.com/img/gravures/nasal/web_1550-NewMontRoyal2.tif.jpg,1.59,POLY,Fournisseur : MONT-ROYAL
2154,https://www.france-optique.com/gravures/fournisseur=1838,Excellence Conduite 1.60 + Transitions,https://si.france-optique.com/img/gravures/nasal/web_98-nas-mont-royal-05.tif.jpg,1.6,ORG,Fournisseur : MONT-ROYAL
2155,https://www.france-optique.com/gravures/fournisseur=1838,Excellence Conduite 1.67 + Transitions,https://si.france-optique.com/img/gravures/nasal/web_98-nas-mont-royal-05.tif.jpg,1.67,ORG,Fournisseur : MONT-ROYAL
2156,https://www.france-optique.com/gravures/fournisseur=1838,Excellence Sport 1.50 + Transitions,https://si.france-optique.com/img/gravures/nasal/web_101-nas-mont-royal-08.tif.jpg,1.5,ORG,Fournisseur : MONT-ROYAL
2157,https://www.france-optique.com/gravures/fournisseur=1838,Excellence Sport Polix 1.59 + Transitions,https://si.france-optique.com/img/gravures/nasal/web_1549-NewMontRoyal1.tif.jpg,1.59,POLY,Fournisseur : MONT-ROYAL
2158,https://www.france-optique.com/gravures/fournisseur=1838,Excellence Sport 1.60 + Transitions,https://si.france-optique.com/img/gravures/nasal/web_101-nas-mont-royal-08.tif.jpg,1.6,ORG,Fournisseur : MONT-ROYAL
2159,https://www.france-optique.com/gravures/fournisseur=1838,Excellence Sport 1.67 + Transitions,https://si.france-optique.com/img/gravures/nasal/web_101-nas-mont-royal-08.tif.jpg,1.67,ORG,Fournisseur : MONT-ROYAL
2160,https://www.france-optique.com/gravures/fournisseur=1838,VISIAZ XP Short TEK 1.50 + Transitions,https://si.france-optique.com/img/gravures/nasal/web_104-nas-mont-royal-11.tif.jpg,1.5,ORG,Fournisseur : MONT-ROYAL
2161,https://www.france-optique.com/gravures/fournisseur=1838,"VISIAZ XP Short TEK 1,60 + Transitions",https://si.france-optique.com/img/gravures/nasal/web_104-nas-mont-royal-11.tif.jpg,1.6,ORG,Fournisseur : MONT-ROYAL
2162,https://www.france-optique.com/gravures/fournisseur=1838,"VISIAZ XP Short TEK 1,67 + Transitions",https://si.france-optique.com/img/gravures/nasal/web_104-nas-mont-royal-11.tif.jpg,1.67,ORG,Fournisseur : MONT-ROYAL
2163,https://www.france-optique.com/gravures/fournisseur=1838,"VISIAZ XP Short TEK 1,74",https://si.france-optique.com/img/gravures/nasal/web_104-nas-mont-royal-11.tif.jpg,1.74,ORG,Fournisseur : MONT-ROYAL
2164,https://www.france-optique.com/gravures/fournisseur=1838,VISIAZ XP 1.50 + Transitions,https://si.france-optique.com/img/gravures/nasal/web_103-nas-mont-royal-10.tif.jpg,1.5,ORG,Fournisseur : MONT-ROYAL
2165,https://www.france-optique.com/gravures/fournisseur=1838,"VISIAZ XP 1,60 + Transitions",https://si.france-optique.com/img/gravures/nasal/web_103-nas-mont-royal-10.tif.jpg,1.6,ORG,Fournisseur : MONT-ROYAL
2166,https://www.france-optique.com/gravures/fournisseur=1838,"VISIAZ XP 1,67 + Transitions",https://si.france-optique.com/img/gravures/nasal/web_103-nas-mont-royal-10.tif.jpg,1.67,ORG,Fournisseur : MONT-ROYAL
2167,https://www.france-optique.com/gravures/fournisseur=1838,"VISIAZ XP 1,74",https://si.france-optique.com/img/gravures/nasal/web_103-nas-mont-royal-10.tif.jpg,1.74,ORG,Fournisseur : MONT-ROYAL
2168,https://www.france-optique.com/gravures/fournisseur=1838,VISIAZ XP Short 1.50 + Transitions,https://si.france-optique.com/img/gravures/nasal/web_105-nas-mont-royal-12.tif.jpg,1.5,ORG,Fournisseur : MONT-ROYAL
2169,https://www.france-optique.com/gravures/fournisseur=1838,"VISIAZ XP Short 1,60 + Transitions",https://si.france-optique.com/img/gravures/nasal/web_105-nas-mont-royal-12.tif.jpg,1.6,ORG,Fournisseur : MONT-ROYAL
2170,https://www.france-optique.com/gravures/fournisseur=1838,"VISIAZ XP Short 1,67 + Transitions",https://si.france-optique.com/img/gravures/nasal/web_105-nas-mont-royal-12.tif.jpg,1.67,ORG,Fournisseur : MONT-ROYAL
2171,https://www.france-optique.com/gravures/fournisseur=1838,"VISIAZ XP Short 1,74",https://si.france-optique.com/img/gravures/nasal/web_105-nas-mont-royal-12.tif.jpg,1.74,ORG,Fournisseur : MONT-ROYAL
2172,https://www.france-optique.com/gravures/fournisseur=1838,VISIAZ DG 1.50 + Transitions,https://si.france-optique.com/img/gravures/nasal/web_106-nas-mont-royal-13.tif.jpg,1.5,ORG,Fournisseur : MONT-ROYAL
2173,https://www.france-optique.com/gravures/fournisseur=1838,"VISIAZ DG 1,60 + Transitions",https://si.france-optique.com/img/gravures/nasal/web_106-nas-mont-royal-13.tif.jpg,1.6,ORG,Fournisseur : MONT-ROYAL
2174,https://www.france-optique.com/gravures/fournisseur=1838,"VISIAZ DG 1,67 + Transitions",https://si.france-optique.com/img/gravures/nasal/web_106-nas-mont-royal-13.tif.jpg,1.67,ORG,Fournisseur : MONT-ROYAL
2175,https://www.france-optique.com/gravures/fournisseur=1838,"VISIAZ DG 1,74",https://si.france-optique.com/img/gravures/nasal/web_106-nas-mont-royal-13.tif.jpg,1.74,ORG,Fournisseur : MONT-ROYAL
2176,https://www.france-optique.com/gravures/fournisseur=1838,SURF 1.50 & SURF IP 1.50 + Transitions,https://si.france-optique.com/img/gravures/nasal/web_125-nas-mont-royal-20.tif.jpg,1.5,ORG,Fournisseur : MONT-ROYAL
2177,https://www.france-optique.com/gravures/fournisseur=1838,SURF Polix + Transitions,https://si.france-optique.com/img/gravures/nasal/web_124-nas-mont-royal-19.tif.jpg,1.591,POLY,Fournisseur : MONT-ROYAL
2178,https://www.france-optique.com/gravures/fournisseur=1838,SURF 1.60 & SURF IP 1.60 + Transitions,https://si.france-optique.com/img/gravures/nasal/web_125-nas-mont-royal-20.tif.jpg,1.6,ORG,Fournisseur : MONT-ROYAL
2179,https://www.france-optique.com/gravures/fournisseur=1838,SURF 1.67 & SURF IP 1.67 + Transitions,https://si.france-optique.com/img/gravures/nasal/web_125-nas-mont-royal-20.tif.jpg,1.67,ORG,Fournisseur : MONT-ROYAL
2180,https://www.france-optique.com/gravures/fournisseur=1838,SURF Short 1.50 & SURF Short IP 1.50 + Transitions,https://si.france-optique.com/img/gravures/nasal/web_126-nas-mont-royal-21.tif.jpg,1.5,ORG,Fournisseur : MONT-ROYAL
2181,https://www.france-optique.com/gravures/fournisseur=1838,SURF Short Polix 1.59 + Transitions,https://si.france-optique.com/img/gravures/nasal/web_1015-nas-mont-royal-28.tif.jpg,1.591,POLY,Fournisseur : MONT-ROYAL
2182,https://www.france-optique.com/gravures/fournisseur=1838,"SURF Short 1,60 + Transitions",https://si.france-optique.com/img/gravures/nasal/web_126-nas-mont-royal-21.tif.jpg,1.6,ORG,Fournisseur : MONT-ROYAL
2183,https://www.france-optique.com/gravures/fournisseur=1838,"SURF Short 1,67 + Transitions",https://si.france-optique.com/img/gravures/nasal/web_126-nas-mont-royal-21.tif.jpg,1.67,ORG,Fournisseur : MONT-ROYAL
2184,https://www.france-optique.com/gravures/fournisseur=1838,INITIAL 1.50 + Transitions,https://si.france-optique.com/img/gravures/nasal/web_127-nas-mont-royal-22.tif.jpg,1.5,ORG,Fournisseur : MONT-ROYAL
2185,https://www.france-optique.com/gravures/fournisseur=1838,INITIAL 1.60 + Transitions,https://si.france-optique.com/img/gravures/nasal/web_127-nas-mont-royal-22.tif.jpg,1.6,ORG,Fournisseur : MONT-ROYAL
2186,https://www.france-optique.com/gravures/fournisseur=1838,INITIAL 1.67 + Transitions,https://si.france-optique.com/img/gravures/nasal/web_127-nas-mont-royal-22.tif.jpg,1.67,ORG,Fournisseur : MONT-ROYAL
2187,https://www.france-optique.com/gravures/fournisseur=1838,"INITIAL Short 1,50 + Transitions",https://si.france-optique.com/img/gravures/nasal/web_127-nas-mont-royal-22.tif.jpg,1.5,ORG,Fournisseur : MONT-ROYAL
2188,https://www.france-optique.com/gravures/fournisseur=1838,"INITIAL Short 1,60 + Transitions",https://si.france-optique.com/img/gravures/nasal/web_127-nas-mont-royal-22.tif.jpg,1.6,ORG,Fournisseur : MONT-ROYAL
2189,https://www.france-optique.com/gravures/fournisseur=1838,"INITIAL Short 1,67 + Transitions",https://si.france-optique.com/img/gravures/nasal/web_127-nas-mont-royal-22.tif.jpg,1.67,ORG,Fournisseur : MONT-ROYAL
2190,https://www.france-optique.com/gravures/fournisseur=1838,Excellence Office 1.50 & Excellence Office IP 1.50,https://si.france-optique.com/img/gravures/nasal/web_128-nas-mont-royal-23.tif.jpg,1.5,ORG,Fournisseur : MONT-ROYAL
2191,https://www.france-optique.com/gravures/fournisseur=1838,Excellence Office 1.60 + Excellence Office IP 1.60,https://si.france-optique.com/img/gravures/nasal/web_128-nas-mont-royal-23.tif.jpg,1.6,ORG,Fournisseur : MONT-ROYAL
2192,https://www.france-optique.com/gravures/fournisseur=1838,Excellence Office 1.67 + Excellence Office IP 1.67,https://si.france-optique.com/img/gravures/nasal/web_128-nas-mont-royal-23.tif.jpg,1.67,ORG,Fournisseur : MONT-ROYAL
2193,https://www.france-optique.com/gravures/fournisseur=1838,Proxoffice 1.50 & Proxoffice IP 1.50,https://si.france-optique.com/img/gravures/nasal/web_128-nas-mont-royal-23.tif.jpg,1.5,ORG,Fournisseur : MONT-ROYAL
2194,https://www.france-optique.com/gravures/fournisseur=1838,"Proxoffice 1,60 + Proxoffice IP 1,60",https://si.france-optique.com/img/gravures/nasal/web_130-nas-mont-royal-25.tif.jpg,1.6,ORG,Fournisseur : MONT-ROYAL
2195,https://www.france-optique.com/gravures/fournisseur=1838,"Proxoffice 1,67 + Proxoffice IP 1,67",https://si.france-optique.com/img/gravures/nasal/web_131-nas-mont-royal-26.tif.jpg,1.67,ORG,Fournisseur : MONT-ROYAL
2204,https://www.france-optique.com/gravures/fournisseur=1838,OPTIMAL 1.50 & OPTIMAL IP 1.50 + Transitions,https://si.france-optique.com/img/gravures/nasal/web_832-nas-mont-royal-27.tif.jpg,1.50,ORG,Fournisseur : MONT-ROYAL
2205,https://www.france-optique.com/gravures/fournisseur=1838,OPTIMAL 1.60 & OPTIMAL IP 1.60 + Transitions,https://si.france-optique.com/img/gravures/nasal/web_832-nas-mont-royal-27.tif.jpg,1.60,ORG,Fournisseur : MONT-ROYAL
2206,https://www.france-optique.com/gravures/fournisseur=1838,OPTIMAL 1.67 & OPTIMAL IP 1.67 + Transitions,https://si.france-optique.com/img/gravures/nasal/web_832-nas-mont-royal-27.tif.jpg,1.67,ORG,Fournisseur : MONT-ROYAL
2207,https://www.france-optique.com/gravures/fournisseur=1838,OPTIMAL 1.74,https://si.france-optique.com/img/gravures/nasal/web_832-nas-mont-royal-27.tif.jpg,1.74,ORG,Fournisseur : MONT-ROYAL
2220,https://www.france-optique.com/gravures/fournisseur=561,Progressif Forte Puissance VON,https://si.france-optique.com/img/gravures/nasal/web_1925-1227-NK PROGRESSIF 174 Forte Puissance Nasal.tif.jpg,1.74,ORG,Fournisseur : NIKON VERR ...
2225,https://www.france-optique.com/gravures/fournisseur=561,Presio Balance Z 12/14,https://si.france-optique.com/img/gravures/nasal/web_2011-nas-nikon-BalanceZ5254.tif.jpg,1.74,ORG,Fournisseur : NIKON VERR ...
2226,https://www.france-optique.com/gravures/fournisseur=561,Presio Power Z 12/14,https://si.france-optique.com/img/gravures/nasal/web_1884-PZ-5254.tif.jpg,1.74,ORG,Fournisseur : NIKON VERR ...
2227,https://www.france-optique.com/gravures/fournisseur=561,Presio Master Z 12/14,https://si.france-optique.com/img/gravures/nasal/web_1972-MasterZinfinite-5452.tif.jpg,1.74,ORG,Fournisseur : NIKON VERR ...
2228,https://www.france-optique.com/gravures/fournisseur=127,Maximo DS,https://si.france-optique.com/img/gravures/nasal/web_531-nas-bbgr-94.tif.jpg,1.5,ORG,Fournisseur : OPTIC 2000
2229,https://www.france-optique.com/gravures/fournisseur=127,Maximo DS POLY,https://si.france-optique.com/img/gravures/nasal/web_526-nas-bbgr-89.tif.jpg,1.591,POLY,Fournisseur : OPTIC 2000
2230,https://www.france-optique.com/gravures/fournisseur=127,Maximo DS 1.6,https://si.france-optique.com/img/gravures/nasal/web_527-nas-bbgr-90.tif.jpg,1.61,ORG,Fournisseur : OPTIC 2000
2231,https://www.france-optique.com/gravures/fournisseur=127,Maximo DS 1.67,https://si.france-optique.com/img/gravures/nasal/web_528-nas-bbgr-91.tif.jpg,1.67,ORG,Fournisseur : OPTIC 2000
2232,https://www.france-optique.com/gravures/fournisseur=127,Maximo M16,https://si.france-optique.com/img/gravures/nasal/web_531-nas-bbgr-94.tif.jpg,1.604,MIN,Fournisseur : OPTIC 2000
2233,https://www.france-optique.com/gravures/fournisseur=127,Milado HD (OR15),https://si.france-optique.com/img/gravures/nasal/web_545-nas-bbgr-108.tif.jpg,1.5,ORG,Fournisseur : OPTIC 2000
2234,https://www.france-optique.com/gravures/fournisseur=127,Milado HD POLY,https://si.france-optique.com/img/gravures/nasal/web_547-nas-bbgr-110.tif.jpg,1.591,POLY,Fournisseur : OPTIC 2000
2235,https://www.france-optique.com/gravures/fournisseur=127,Milado HD 1.6,https://si.france-optique.com/img/gravures/nasal/web_548-nas-bbgr-111.tif.jpg,1.6,ORG,Fournisseur : OPTIC 2000
2236,https://www.france-optique.com/gravures/fournisseur=127,Milado HD 1.67,https://si.france-optique.com/img/gravures/nasal/web_551-nas-bbgr-114.tif.jpg,1.67,ORG,Fournisseur : OPTIC 2000
2237,https://www.france-optique.com/gravures/fournisseur=127,Milado HD Mini (OR15),https://si.france-optique.com/img/gravures/nasal/web_545-nas-bbgr-108.tif.jpg,1.5,ORG,Fournisseur : OPTIC 2000
2238,https://www.france-optique.com/gravures/fournisseur=127,Milado HD Mini POLY,https://si.france-optique.com/img/gravures/nasal/web_547-nas-bbgr-110.tif.jpg,1.591,ORG,Fournisseur : OPTIC 2000
2239,https://www.france-optique.com/gravures/fournisseur=127,Milado HD Mini 1.6,https://si.france-optique.com/img/gravures/nasal/web_548-nas-bbgr-111.tif.jpg,1.6,ORG,Fournisseur : OPTIC 2000
2240,https://www.france-optique.com/gravures/fournisseur=127,Milado HD Mini 1.67,https://si.france-optique.com/img/gravures/nasal/web_551-nas-bbgr-114.tif.jpg,1.67,ORG,Fournisseur : OPTIC 2000
2241,https://www.france-optique.com/gravures/fournisseur=127,Milado Start,https://si.france-optique.com/img/gravures/nasal/web_750-nas-optic2000-01.tif.jpg,1.5,ORG,Fournisseur : OPTIC 2000
2242,https://www.france-optique.com/gravures/fournisseur=127,Milado Start Mini,https://si.france-optique.com/img/gravures/nasal/web_753-nas-optic2000-04.tif.jpg,1.5,ORG,Fournisseur : OPTIC 2000
2243,https://www.france-optique.com/gravures/fournisseur=127,Milado Start 1.6,https://si.france-optique.com/img/gravures/nasal/web_751-nas-optic2000-02.tif.jpg,1.6,ORG,Fournisseur : OPTIC 2000
2244,https://www.france-optique.com/gravures/fournisseur=127,Milado Start Mini 1.6,https://si.france-optique.com/img/gravures/nasal/web_752-nas-optic2000-03.tif.jpg,1.6,ORG,Fournisseur : OPTIC 2000
2245,https://www.france-optique.com/gravures/fournisseur=127,Milado Start M16,https://si.france-optique.com/img/gravures/nasal/web_751-nas-optic2000-02.tif.jpg,1.604,MIN,Fournisseur : OPTIC 2000
2246,https://www.france-optique.com/gravures/fournisseur=127,Vision Ordinateur MD 10 (OR15),https://si.france-optique.com/img/gravures/nasal/web_766-nas-optic2000-17.tif.jpg,1.5,ORG,Fournisseur : OPTIC 2000
2247,https://www.france-optique.com/gravures/fournisseur=127,Vision Ordinateur MD 15 (OR15),https://si.france-optique.com/img/gravures/nasal/web_766-nas-optic2000-17.tif.jpg,1.5,ORG,Fournisseur : OPTIC 2000
2248,https://www.france-optique.com/gravures/fournisseur=127,Vision Ordinateur MD 20 (OR15),https://si.france-optique.com/img/gravures/nasal/web_766-nas-optic2000-17.tif.jpg,1.5,ORG,Fournisseur : OPTIC 2000
2249,https://www.france-optique.com/gravures/fournisseur=127,Vision Ordinateur MD 10 1.6,https://si.france-optique.com/img/gravures/nasal/web_766-nas-optic2000-17.tif.jpg,1.6,ORG,Fournisseur : OPTIC 2000
2250,https://www.france-optique.com/gravures/fournisseur=127,Vision Ordinateur MD 15 1.6,https://si.france-optique.com/img/gravures/nasal/web_766-nas-optic2000-17.tif.jpg,1.6,ORG,Fournisseur : OPTIC 2000
2251,https://www.france-optique.com/gravures/fournisseur=127,Vision Ordinateur MD 20 1.6,https://si.france-optique.com/img/gravures/nasal/web_766-nas-optic2000-17.tif.jpg,1.6,ORG,Fournisseur : OPTIC 2000
2252,https://www.france-optique.com/gravures/fournisseur=127,Vision Ordinateur PROG (OR15),https://si.france-optique.com/img/gravures/nasal/web_767-nas-optic2000-18.tif.jpg,1.5,ORG,Fournisseur : OPTIC 2000
2253,https://www.france-optique.com/gravures/fournisseur=127,Vision Ordinateur PROG 1.6,https://si.france-optique.com/img/gravures/nasal/web_767-nas-optic2000-18.tif.jpg,1.6,ORG,Fournisseur : OPTIC 2000
2254,https://www.france-optique.com/gravures/fournisseur=127,Melodio Plus,https://si.france-optique.com/img/gravures/nasal/web_768-nas-optic2000-19.tif.jpg,1.5,ORG,Fournisseur : OPTIC 2000
2255,https://www.france-optique.com/gravures/fournisseur=127,Melodio Plus POLY,https://si.france-optique.com/img/gravures/nasal/web_769-nas-optic2000-20.tif.jpg,1.591,POLY,Fournisseur : OPTIC 2000
2256,https://www.france-optique.com/gravures/fournisseur=127,Melodio Plus 1.6,https://si.france-optique.com/img/gravures/nasal/web_770-nas-optic2000-21.tif.jpg,1.6,ORG,Fournisseur : OPTIC 2000
2257,https://www.france-optique.com/gravures/fournisseur=127,Melodio Plus 1.67,https://si.france-optique.com/img/gravures/nasal/web_771-nas-optic2000-22.tif.jpg,1.67,ORG,Fournisseur : OPTIC 2000
2258,https://www.france-optique.com/gravures/fournisseur=127,Melodio Plus 1.74,https://si.france-optique.com/img/gravures/nasal/web_772-nas-optic2000-23.tif.jpg,1.74,ORG,Fournisseur : OPTIC 2000
2259,https://www.france-optique.com/gravures/fournisseur=127,Melodio Plus Mini,https://si.france-optique.com/img/gravures/nasal/web_773-nas-optic2000-24.tif.jpg,1.5,ORG,Fournisseur : OPTIC 2000
2260,https://www.france-optique.com/gravures/fournisseur=127,Melodio Plus Mini POLY,https://si.france-optique.com/img/gravures/nasal/web_774-nas-optic2000-25.tif.jpg,1.591,POLY,Fournisseur : OPTIC 2000
2261,https://www.france-optique.com/gravures/fournisseur=127,Melodio Plus Mini 1.6,https://si.france-optique.com/img/gravures/nasal/web_775-nas-optic2000-26.tif.jpg,1.6,ORG,Fournisseur : OPTIC 2000
2262,https://www.france-optique.com/gravures/fournisseur=127,Melodio Plus Mini 1.67,https://si.france-optique.com/img/gravures/nasal/web_776-nas-optic2000-27.tif.jpg,1.67,ORG,Fournisseur : OPTIC 2000
2263,https://www.france-optique.com/gravures/fournisseur=127,Melodio Plus Mini 1.74,https://si.france-optique.com/img/gravures/nasal/web_777-nas-optic2000-28.tif.jpg,1.74,ORG,Fournisseur : OPTIC 2000
2264,https://www.france-optique.com/gravures/fournisseur=127,Melodio Plus Mio,https://si.france-optique.com/img/gravures/nasal/web_778-nas-optic2000-29.tif.jpg,1.5,ORG,Fournisseur : OPTIC 2000
2265,https://www.france-optique.com/gravures/fournisseur=127,Melodio Plus Mio POLY,https://si.france-optique.com/img/gravures/nasal/web_782-nas-optic2000-33.tif.jpg,1.591,POLY,Fournisseur : OPTIC 2000
2266,https://www.france-optique.com/gravures/fournisseur=127,Melodio Plus Mio 1.6,https://si.france-optique.com/img/gravures/nasal/web_781-nas-optic2000-32.tif.jpg,1.6,ORG,Fournisseur : OPTIC 2000
2267,https://www.france-optique.com/gravures/fournisseur=127,Melodio Plus Mio 1.67,https://si.france-optique.com/img/gravures/nasal/web_780-nas-optic2000-31.tif.jpg,1.67,ORG,Fournisseur : OPTIC 2000
2268,https://www.france-optique.com/gravures/fournisseur=127,Melodio Plus Mio 1.74,https://si.france-optique.com/img/gravures/nasal/web_779-nas-optic2000-30.tif.jpg,1.74,ORG,Fournisseur : OPTIC 2000
2269,https://www.france-optique.com/gravures/fournisseur=127,Mediato Plus,https://si.france-optique.com/img/gravures/nasal/web_1685-783-nas-optic2000-34.tif.jpg,1.5,ORG,Fournisseur : OPTIC 2000
2270,https://www.france-optique.com/gravures/fournisseur=127,Mediato Plus POLY,https://si.france-optique.com/img/gravures/nasal/web_487-nas-bbgr-50.tif.jpg,1.591,POLY,Fournisseur : OPTIC 2000
2272,https://www.france-optique.com/gravures/fournisseur=711,NeoPerfect ZEN / NeoPerfect ZEN UV Clear / NeoPerfect ZEN Blue Clear / NeoPerfect ZEN Transitions TM Gen S® / NeoPerfect ZEN Transitions TM XTRActive®,https://si.france-optique.com/img/gravures/nasal/web_369-nas-novacel-34.tif.jpg,1.6,ORG,Fournisseur : NOVACEL
2290,https://www.france-optique.com/gravures/fournisseur=2395,Epsy 150 UV 400,https://si.france-optique.com/img/gravures/nasal/web_852-oph-com_2019.tif.jpg,1.50,ORG,Fournisseur : OPHTALMIC  ...
2293,https://www.france-optique.com/gravures/fournisseur=561,Progressif VON,https://si.france-optique.com/img/gravures/nasal/web_1218-Engraving Classe A NK PROGRESSIF 174 Nasal.tif.jpg,1.74,ORG,Fournisseur : NIKON VERR ...
2294,https://www.france-optique.com/gravures/fournisseur=561,Mi-distance VON,https://si.france-optique.com/img/gravures/nasal/web_1895-Engraving Classe A NK MIDISTANCE 16 Nasal.tif.jpg,1.60,ORG,Fournisseur : NIKON VERR ...
2298,https://www.france-optique.com/gravures/fournisseur=561,Presio Master Yourlife Z FP Flex,https://si.france-optique.com/img/gravures/nasal/web_1872-MasterYourLife-5254.tif.jpg,1.74,ORG,Fournisseur : NIKON VERR ...
2299,https://www.france-optique.com/gravures/fournisseur=561,Presio Master Yourlife Z FP Max,https://si.france-optique.com/img/gravures/nasal/web_1876-MasterYourLifeMAX-5254.tif.jpg,1.74,ORG,Fournisseur : NIKON VERR ...
2300,https://www.france-optique.com/gravures/fournisseur=561,Presio Master Yourlife Z FP Prox,https://si.france-optique.com/img/gravures/nasal/web_1880-MasterYourLifePROX-5254.tif.jpg,1.74,ORG,Fournisseur : NIKON VERR ...
2302,https://www.france-optique.com/gravures/fournisseur=561,Presio Sports FP,https://si.france-optique.com/img/gravures/nasal/web_1928-nas-nikon-InfinitePower-FP3234.tif.jpg,1.60,ORG,Fournisseur : NIKON VERR ...
2303,https://www.france-optique.com/gravures/fournisseur=127,Mediato Plus 1.6,https://si.france-optique.com/img/gravures/nasal/web_493-nas-bbgr-56.tif.jpg,1.6,ORG,Fournisseur : OPTIC 2000
2304,https://www.france-optique.com/gravures/fournisseur=127,Mediato Plus 1.67,https://si.france-optique.com/img/gravures/nasal/web_785-nas-optic2000-36.tif.jpg,1.67,ORG,Fournisseur : OPTIC 2000
2305,https://www.france-optique.com/gravures/fournisseur=127,Mediato Plus Mini,https://si.france-optique.com/img/gravures/nasal/web_786-nas-optic2000-37.tif.jpg,1.5,ORG,Fournisseur : OPTIC 2000
2306,https://www.france-optique.com/gravures/fournisseur=127,Mediato Plus Mini POLY,https://si.france-optique.com/img/gravures/nasal/web_787-nas-optic2000-38.tif.jpg,1.591,POLY,Fournisseur : OPTIC 2000
2307,https://www.france-optique.com/gravures/fournisseur=127,"Mediato Plus Mini 1,6",https://si.france-optique.com/img/gravures/nasal/web_788-nas-optic2000-39.tif.jpg,1.6,ORG,Fournisseur : OPTIC 2000
2308,https://www.france-optique.com/gravures/fournisseur=127,"Mediato Plus Mini 1,67",https://si.france-optique.com/img/gravures/nasal/web_789-nas-optic2000-40.tif.jpg,1.67,ORG,Fournisseur : OPTIC 2000
2309,https://www.france-optique.com/gravures/fournisseur=127,Mediato Plus Mio,https://si.france-optique.com/img/gravures/nasal/web_784-nas-optic2000-35.tif.jpg,1.5,ORG,Fournisseur : OPTIC 2000
2310,https://www.france-optique.com/gravures/fournisseur=127,Mediato Plus Mio POLY,https://si.france-optique.com/img/gravures/nasal/web_480-nas-bbgr-43.tif.jpg,1.591,POLY,Fournisseur : OPTIC 2000
2311,https://www.france-optique.com/gravures/fournisseur=127,Mediato Plus Mio 1.6,https://si.france-optique.com/img/gravures/nasal/web_492-nas-bbgr-55.tif.jpg,1.6,ORG,Fournisseur : OPTIC 2000
2312,https://www.france-optique.com/gravures/fournisseur=127,Mediato Plus Mio 1.67,https://si.france-optique.com/img/gravures/nasal/web_482-nas-bbgr-45.tif.jpg,1.67,ORG,Fournisseur : OPTIC 2000
2323,https://www.france-optique.com/gravures/fournisseur=127,MyProg 3V 1.5,https://si.france-optique.com/img/gravures/nasal/web_1535-MyProg-3V-15.tif.jpg,1.5,ORG,Fournisseur : OPTIC 2000
2324,https://www.france-optique.com/gravures/fournisseur=127,MyProg 3V 1.6,https://si.france-optique.com/img/gravures/nasal/web_1536-MyProg-3V-16.tif.jpg,1.6,ORG,Fournisseur : OPTIC 2000
2325,https://www.france-optique.com/gravures/fournisseur=127,MyProg 3V 1.67,https://si.france-optique.com/img/gravures/nasal/web_1538-MyProg-3V-167.tif.jpg,1.67,ORG,Fournisseur : OPTIC 2000
2326,https://www.france-optique.com/gravures/fournisseur=127,MyProg 3V 1.74,https://si.france-optique.com/img/gravures/nasal/web_1539-MyProg-3V-174.tif.jpg,1.74,ORG,Fournisseur : OPTIC 2000
2327,https://www.france-optique.com/gravures/fournisseur=127,MyProg 3V Poly,https://si.france-optique.com/img/gravures/nasal/web_1537-MyProg-3V-159.tif.jpg,1.59,POLY,Fournisseur : OPTIC 2000
2398,https://www.france-optique.com/gravures/fournisseur=711,NeoPerfect / NeoPerfect UV Clear / NeoPerfect Blue Clear / NeoPerfect Transitions TM Gen S® / NeoPerfect Transitions TM XTRActive® / NeoPerfect polarisant,https://si.france-optique.com/img/gravures/nasal/web_369-nas-novacel-34.tif.jpg,1.6,ORG,Fournisseur : NOVACEL
2410,https://www.france-optique.com/gravures/fournisseur=711,EDEN alpha / EDEN alpha UV Clear / EDEN alpha Blue Clear / EDEN alpha Transitions TM Gen S® / EDEN alpha Transitions TM XTRActive® / EDEN alpha polarisant / EDEN alpha polarisant dégradé,https://si.france-optique.com/img/gravures/nasal/web_356-nas-novacel-28.tif.jpg,1.5,ORG,Fournisseur : NOVACEL
2411,https://www.france-optique.com/gravures/fournisseur=711,EDEN alpha Trivex® / EDEN alpha Trivex® Blue Clear / EDEN alpha Trivex® Transitions TM Gen S® / EDEN alpha Trivex® Transitions TM XTRActive® / EDEN alpha Trivex® polarisant,https://si.france-optique.com/img/gravures/nasal/web_1242-gravure nasale EDEN T.tif.jpg,1.53,TVX,Fournisseur : NOVACEL
2412,https://www.france-optique.com/gravures/fournisseur=711,EDEN alpha / EDEN alpha Transitions TM Gen S® / EDEN alpha Transitions TM XTRActive® / EDEN alpha polarisant,https://si.france-optique.com/img/gravures/nasal/web_1241-gravure nasale EDEN P.tif.jpg,1.59,POLY,Fournisseur : NOVACEL
2413,https://www.france-optique.com/gravures/fournisseur=711,EDEN alpha / EDEN alpha UV Clear / EDEN alpha Blue Clear / EDEN alpha Transitions TM Gen S® / EDEN alpha Transitions TM XTRActive® / EDEN alpha polarisant,https://si.france-optique.com/img/gravures/nasal/web_1238-gravure nasale EDEN 2.tif.jpg,1.6,ORG,Fournisseur : NOVACEL
2414,https://www.france-optique.com/gravures/fournisseur=711,EDEN alpha / EDEN alpha Blue Clear / EDEN alpha Transitions TM Gen S® / EDEN alpha Transitions TM XTRActive® / EDEN alpha polarisant,https://si.france-optique.com/img/gravures/nasal/web_1239-gravure nasale EDEN 3.tif.jpg,1.67,ORG,Fournisseur : NOVACEL
2415,https://www.france-optique.com/gravures/fournisseur=711,EDEN alpha / EDEN alpha Blue Clear / EDEN alpha Transitions TM Gen S®,https://si.france-optique.com/img/gravures/nasal/web_1240-gravure nasale EDEN 4.tif.jpg,1.74,ORG,Fournisseur : NOVACEL
2422,https://www.france-optique.com/gravures/fournisseur=711,SymbioZ SPORT / SymbioZ SPORT UV Clear / SymbioZ SPORT Transitions TM Gen S® / SymbioZ SPORT Transitions TM XTRActive® / SymbioZ SPORT polarisant / SymbioZ SPORT Drivewear® polarisant photochromique,https://si.france-optique.com/img/gravures/nasal/web_1062-nas-novacel-84.tif.jpg,1.5,ORG,Fournisseur : NOVACEL
2423,https://www.france-optique.com/gravures/fournisseur=711,SymbioZ SPORT Trivex® / SymbioZ SPORT Trivex® Transitions TM Gen S® / SymbioZ SPORT Trivex® Transitions TM XTRActive® / SymbioZ SPORT polarisant,https://si.france-optique.com/img/gravures/nasal/web_1063-nas-novacel-85.tif.jpg,1.53,TVX,Fournisseur : NOVACEL
2424,https://www.france-optique.com/gravures/fournisseur=711,SymbioZ SPORT / SymbioZ SPORT Transitions TM Gen S® / SymbioZ SPORT Transitions TM XTRActive® / SymbioZ SPORT polarisant / SymbioZ SPORT Drivewear® polarisant photochromique,https://si.france-optique.com/img/gravures/nasal/web_1064-nas-novacel-86.tif.jpg,1.59,POLY,Fournisseur : NOVACEL
2425,https://www.france-optique.com/gravures/fournisseur=711,SymbioZ SPORT / SymbioZ SPORT UV Clear / SymbioZ SPORT Transitions TM Gen S® / SymbioZ SPORT Transitions TM XTRActive® / SymbioZ SPORT polarisant,https://si.france-optique.com/img/gravures/nasal/web_1067-nas-novacel-89.tif.jpg,1.6,ORG,Fournisseur : NOVACEL
2426,https://www.france-optique.com/gravures/fournisseur=711,SymbioZ SPORT / SymbioZ SPORT Transitions TM Gen S® / SymbioZ SPORT Transitions TM XTRActive® / SymbioZ SPORT polarisant,https://si.france-optique.com/img/gravures/nasal/web_1066-nas-novacel-88.tif.jpg,1.67,ORG,Fournisseur : NOVACEL
2427,https://www.france-optique.com/gravures/fournisseur=711,SymbioZ SPORT / SymbioZ SPORT Transitions TM Gen S®,https://si.france-optique.com/img/gravures/nasal/web_1065-nas-novacel-87.tif.jpg,1.74,ORG,Fournisseur : NOVACEL
2443,https://www.france-optique.com/gravures/fournisseur=711,SYNCHRONA Kids / SYNCHRONA Kids Blue Clear / SYNCHRONA Kids polarisant,https://si.france-optique.com/img/gravures/nasal/web_1037-nas-novacel-62.tif.jpg,1.67,ORG,Fournisseur : NOVACEL
2444,https://www.france-optique.com/gravures/fournisseur=711,SYNCHRONA Kids Trivex® / SYNCHRONA Kids Trivex® Blue Clear / SYNCHRONA Kids Trivex® polarisant,https://si.france-optique.com/img/gravures/nasal/web_1041-nas-novacel-66.tif.jpg,1.53,TVX,Fournisseur : NOVACEL
2445,https://www.france-optique.com/gravures/fournisseur=711,SYNCHRONA Kids / SYNCHRONA Kids polarisant,https://si.france-optique.com/img/gravures/nasal/web_1040-nas-novacel-65.tif.jpg,1.59,POLY,Fournisseur : NOVACEL
2446,https://www.france-optique.com/gravures/fournisseur=711,SYNCHRONA Kids - SYNCHRONA Kids Blue Clear,https://si.france-optique.com/img/gravures/nasal/web_1038-nas-novacel-63.tif.jpg,1.74,ORG,Fournisseur : NOVACEL
2462,https://www.france-optique.com/gravures/fournisseur=711,I.M.S Micros Transitions TM Gen S®,https://si.france-optique.com/img/gravures/nasal/web_369-nas-novacel-34.tif.jpg,1.5,ORG,Fournisseur : NOVACEL
2635,https://www.france-optique.com/gravures/fournisseur=2395,EPSY 167 Transitions GEN8,https://si.france-optique.com/img/gravures/nasal/web_852-oph-com_2019.tif.jpg,1.67,ORG,Fournisseur : OPHTALMIC  ...
2636,https://www.france-optique.com/gravures/fournisseur=2395,EPSY 160 Transitions GEN8,https://si.france-optique.com/img/gravures/nasal/web_852-oph-com_2019.tif.jpg,1.60,ORG,Fournisseur : OPHTALMIC  ...
2637,https://www.france-optique.com/gravures/fournisseur=2395,EPSY Poly Transitions GEN8,https://si.france-optique.com/img/gravures/nasal/web_852-oph-com_2019.tif.jpg,1.59,POLY,Fournisseur : OPHTALMIC  ...
2638,https://www.france-optique.com/gravures/fournisseur=2395,EPSY 150 Transitions GEN8,https://si.france-optique.com/img/gravures/nasal/web_852-oph-com_2019.tif.jpg,1.50,ORG,Fournisseur : OPHTALMIC  ...
2693,https://www.france-optique.com/gravures/fournisseur=711,EASY IN'CONNECT TAB Blue Clear / EASY IN'CONNECT TAB Transitions TM Gen S® / EASY IN'CONNECT TAB Transitions TM XTRActive®,https://si.france-optique.com/img/gravures/nasal/web_1074-nas-novacel-95.tif.jpg,1.67,ORG,Fournisseur : NOVACEL
2694,https://www.france-optique.com/gravures/fournisseur=711,EASY IN'CONNECT PC Blue Clear / EASY IN'CONNECT PC Transitions TM Gen S® /  EASY IN'CONNECT PC Transitions TM XTRActive®,https://si.france-optique.com/img/gravures/nasal/web_1075-nas-novacel-97.tif.jpg,1.67,ORG,Fournisseur : NOVACEL
2695,https://www.france-optique.com/gravures/fournisseur=711,EASY IN'CONNECT TV Blue Clear / EASY IN'CONNECT TV Transitions TM Gen S® / EASY IN'CONNECT TV Transitions TM XTRActive,https://si.france-optique.com/img/gravures/nasal/web_1077-nas-novacel-99.tif.jpg,1.67,ORG,Fournisseur : NOVACEL
2702,https://www.france-optique.com/gravures/fournisseur=711,NeoPerfect / NeoPerfect UV Clear / NeoPerfect Blue Clear / NeoPerfect Transitions TM Gen S® / NeoPerfect Transitions TM XTRActive® / NeoPerfect polarisant / NeoPerfect polarisant dégradé / NeoPerfect Drivewear® polarisant photochromique,https://si.france-optique.com/img/gravures/nasal/web_369-nas-novacel-34.tif.jpg,1.5,ORG,Fournisseur : NOVACEL
2703,https://www.france-optique.com/gravures/fournisseur=711,NeoPerfect Trivex® / NeoPerfect Trivex® Blue Clear / NeoPerfect Trivex® Transitions TM Gen S® / NeoPerfect Trivex® Transitions TM XTRActive® / NeoPerfect Trivex® polarisant,https://si.france-optique.com/img/gravures/nasal/web_369-nas-novacel-34.tif.jpg,1.53,TVX,Fournisseur : NOVACEL
2704,https://www.france-optique.com/gravures/fournisseur=711,NeoPerfect / NeoPerfect Transitions TM Gen S® / NeoPerfect Trivex® Transitions TM XTRActive® / NeoPerfect polarisant / NeoPerfect Drivewear® polarisant photochromique,https://si.france-optique.com/img/gravures/nasal/web_369-nas-novacel-34.tif.jpg,1.59,POLY,Fournisseur : NOVACEL
2705,https://www.france-optique.com/gravures/fournisseur=711,NeoPerfect / NeoPerfect Blue Clear / NeoPerfect Transitions TM Gen S® / NeoPerfect Transitions TM XTRActive® / NeoPerfect polarisant,https://si.france-optique.com/img/gravures/nasal/web_369-nas-novacel-34.tif.jpg,1.67,ORG,Fournisseur : NOVACEL
2706,https://www.france-optique.com/gravures/fournisseur=711,NeoPerfect / NeoPerfect Blue Clear / NeoPerfect Transitions TM Gen S®,https://si.france-optique.com/img/gravures/nasal/web_369-nas-novacel-34.tif.jpg,1.74,ORG,Fournisseur : NOVACEL
2707,https://www.france-optique.com/gravures/fournisseur=711,NeoPerfect ZEN/  NeoPerfect ZEN UV Clear / NeoPerfect ZEN Blue Clear / NeoPerfect ZEN Transitions TM Gen S® / NeoPerfect ZEN Transitions TM XTRActive®,https://si.france-optique.com/img/gravures/nasal/web_369-nas-novacel-34.tif.jpg,1.5,ORG,Fournisseur : NOVACEL
2708,https://www.france-optique.com/gravures/fournisseur=711,NeoPerfect ZEN Trivex® / NeoPerfect ZEN Trivex® Blue Clear / NeoPerfect ZEN Trivex® Transitions TM Gen S® / NeoPerfect ZEN Trivex® Transitions TM XTRActive®,https://si.france-optique.com/img/gravures/nasal/web_369-nas-novacel-34.tif.jpg,1.53,TVX,Fournisseur : NOVACEL
2709,https://www.france-optique.com/gravures/fournisseur=711,NeoPerfect ZEN / NeoPerfect ZEN Transitions TM Gen S® / NeoPerfect ZEN Transitions TM XTRActive®,https://si.france-optique.com/img/gravures/nasal/web_369-nas-novacel-34.tif.jpg,1.59,POLY,Fournisseur : NOVACEL
2710,https://www.france-optique.com/gravures/fournisseur=711,NeoPerfect ZEN / NeoPerfect ZEN Blue Clear / NeoPerfect ZEN Transitions TM Gen S® / NeoPerfect ZEN Transitions TM XTRActive®,https://si.france-optique.com/img/gravures/nasal/web_369-nas-novacel-34.tif.jpg,1.67,ORG,Fournisseur : NOVACEL
2711,https://www.france-optique.com/gravures/fournisseur=711,NeoPerfect ZEN / NeoPerfect ZEN Blue Clear  / NeoPerfect ZEN Transitions TM Gen S®,https://si.france-optique.com/img/gravures/nasal/web_369-nas-novacel-34.tif.jpg,1.74,ORG,Fournisseur : NOVACEL
2712,https://www.france-optique.com/gravures/fournisseur=711,NeoPerfect SPORT / NeoPerfect SPORT UV Clear / NeoPerfect SPORT Transitions TM Gen S® / NeoPerfect SPORT Transitions TM XTRActive® / NeoPerfect SPORT polarisant / NeoPerfect SPORT Drivewear® polarisant photochromique,https://si.france-optique.com/img/gravures/nasal/web_369-nas-novacel-34.tif.jpg,1.5,ORG,Fournisseur : NOVACEL
2713,https://www.france-optique.com/gravures/fournisseur=711,NeoPerfect SPORT Trivex® / NeoPerfect SPORT Trivex® Transitions TM Gen S® / NeoPerfect SPORT Trivex® Transitions TM XTRActive® / NeoPerfect SPORT Trivex® polarisant,https://si.france-optique.com/img/gravures/nasal/web_369-nas-novacel-34.tif.jpg,1.53,TVX,Fournisseur : NOVACEL
2714,https://www.france-optique.com/gravures/fournisseur=711,NeoPerfect SPORT / NeoPerfect SPORT Transitions TM Gen S® / NeoPerfect SPORT Transitions TM XTRActive® / NeoPerfect SPORT polarisant / NeoPerfect SPORT Drivewear® polarisant photochromique,https://si.france-optique.com/img/gravures/nasal/web_369-nas-novacel-34.tif.jpg,1.59,POLY,Fournisseur : NOVACEL
2715,https://www.france-optique.com/gravures/fournisseur=711,NeoPerfect SPORT / NeoPerfect SPORT UV Clear / NeoPerfect SPORT Transitions TM Gen S® / NeoPerfect SPORT Transitions TM XTRActive® / NeoPerfect SPORT polarisant,https://si.france-optique.com/img/gravures/nasal/web_369-nas-novacel-34.tif.jpg,1.6,ORG,Fournisseur : NOVACEL
2716,https://www.france-optique.com/gravures/fournisseur=711,NeoPerfect SPORT / NeoPerfect SPORT Transitions TM Gen S® / NeoPerfect SPORT Transitions TM XTRActive® / NeoPerfect SPORT polarisant,https://si.france-optique.com/img/gravures/nasal/web_369-nas-novacel-34.tif.jpg,1.67,ORG,Fournisseur : NOVACEL
2717,https://www.france-optique.com/gravures/fournisseur=711,NeoPerfect SPORT - NeoPerfect SPORT Transitions TM Gen S®,https://si.france-optique.com/img/gravures/nasal/web_369-nas-novacel-34.tif.jpg,1.74,ORG,Fournisseur : NOVACEL
2718,https://www.france-optique.com/gravures/fournisseur=711,Fraglens Emotion,https://si.france-optique.com/img/gravures/nasal/web_1061-nas-novacel-83.tif.jpg,1.6,ORG,Fournisseur : NOVACEL
2719,https://www.france-optique.com/gravures/fournisseur=711,Fraglens Sensation,https://si.france-optique.com/img/gravures/nasal/web_1061-nas-novacel-83.tif.jpg,1.6,ORG,Fournisseur : NOVACEL
